2026/10/02 18:08:58.705, 10255, 22528, 100
2026/10/02 18:08:59.707, 10255, 22528, 100
2026/10/02 18:09:00.708, 10255, 22528, 100
2026/10/02 18:09:01.710, 10255, 22528, 100
2026/10/02 18:09:02.711, 10255, 22528, 100
2026/10/02 18:09:03.712, 10255, 22528, 100
2026/10/02 18:09:04.713, 10465, 22528, 100
2026/10/02 18:09:05.714, 11229, 22528, 100
2026/10/02 18:09:06.715, 11229, 22528, 100
2026/10/02 18:09:07.717, 11229, 22528, 100
2026/10/02 18:09:08.718, 11229, 22528, 100
2026/10/02 18:09:09.719, 11229, 22528, 100
2026/10/02 18:09:10.720, 11401, 22528, 100
2026/10/02 18:09:11.722, 11401, 22528, 100
2026/10/02 18:09:12.723, 11401, 22528, 100
2026/10/02 18:09:13.724, 11881, 22528, 100
2026/10/02 18:09:14.725, 12345, 22528, 100
2026/10/02 18:09:15.726, 12345, 22528, 100
2026/10/02 18:09:16.727, 12345, 22528, 100
2026/10/02 18:09:17.729, 12345, 22528, 100
2026/10/02 18:09:18.730, 12345, 22528, 100
2026/10/02 18:09:19.731, 13209, 22528, 100
2026/10/02 18:09:20.733, 13697, 22528, 100
2026/10/02 18:09:21.735, 14745, 22528, 100
2026/10/02 18:09:22.736, 14745, 22528, 100
2026/10/02 18:09:23.738, 14745, 22528, 100
2026/10/02 18:09:24.739, 14745, 22528, 100
2026/10/02 18:09:25.740, 14745, 22528, 100
2026/10/02 18:09:26.741, 14745, 22528, 100
2026/10/02 18:09:27.742, 13837, 22528, 100
2026/10/02 18:09:28.744, 13837, 22528, 100
2026/10/02 18:09:29.746, 13837, 22528, 100
2026/10/02 18:09:30.747, 13837, 22528, 100
2026/10/02 18:09:31.749, 11903, 22528, 100
2026/10/02 18:09:32.750, 11903, 22528, 100
2026/10/02 18:09:33.752, 11903, 22528, 100
2026/10/02 18:09:34.753, 11903, 22528, 100
2026/10/02 18:09:35.754, 11903, 22528, 100
2026/10/02 18:09:36.755, 12059, 22528, 100
2026/10/02 18:09:37.756, 12367, 22528, 100
2026/10/02 18:09:38.757, 12367, 22528, 100
2026/10/02 18:09:39.758, 13223, 22528, 100
2026/10/02 18:09:40.759, 13723, 22528, 100
2026/10/02 18:09:41.761, 13723, 22528, 100
2026/10/02 18:09:42.762, 13723, 22528, 100
2026/10/02 18:09:43.763, 13723, 22528, 100
2026/10/02 18:09:44.765, 13425, 22528, 100
2026/10/02 18:09:45.767, 14209, 22528, 100
2026/10/02 18:09:46.768, 14209, 22528, 100
2026/10/02 18:09:47.770, 14209, 22528, 100
2026/10/02 18:09:48.771, 14209, 22528, 100
2026/10/02 18:09:49.772, 14209, 22528, 100
2026/10/02 18:09:50.773, 14209, 22528, 100
2026/10/02 18:09:51.774, 14209, 22528, 100
2026/10/02 18:09:52.776, 13837, 22528, 100
2026/10/02 18:09:53.777, 13837, 22528, 100
2026/10/02 18:09:54.778, 13837, 22528, 100
2026/10/02 18:09:55.779, 13837, 22528, 100
2026/10/02 18:09:56.780, 11903, 22528, 100
2026/10/02 18:09:57.782, 11903, 22528, 100
2026/10/02 18:09:58.783, 11903, 22528, 100
2026/10/02 18:09:59.784, 11903, 22528, 100
2026/10/02 18:10:00.786, 11903, 22528, 100
2026/10/02 18:10:01.787, 12215, 22528, 100
2026/10/02 18:10:02.788, 12371, 22528, 100
2026/10/02 18:10:03.789, 12743, 22528, 100
2026/10/02 18:10:04.791, 13375, 22528, 100
2026/10/02 18:10:05.792, 13375, 22528, 100
2026/10/02 18:10:06.793, 13855, 22528, 100
2026/10/02 18:10:07.795, 14347, 22528, 100
2026/10/02 18:10:08.796, 14851, 22528, 100
2026/10/02 18:10:09.797, 15223, 22528, 100
2026/10/02 18:10:10.798, 16569, 22528, 100
2026/10/02 18:10:11.799, 16569, 22528, 100
2026/10/02 18:10:12.801, 16569, 22528, 100
2026/10/02 18:10:13.802, 16569, 22528, 100
2026/10/02 18:10:14.803, 16569, 22528, 100
2026/10/02 18:10:15.805, 16569, 22528, 100
2026/10/02 18:10:16.807, 16569, 22528, 100
2026/10/02 18:10:17.808, 14429, 22528, 100
2026/10/02 18:10:18.809, 14501, 22528, 100
2026/10/02 18:10:19.811, 14501, 22528, 100
2026/10/02 18:10:20.812, 14501, 22528, 100
