2026/10/02 20:00:00.261, 159, 22528, 0
2026/10/02 20:00:01.264, 185, 22528, 0
2026/10/02 20:00:02.265, 263, 22528, 0
2026/10/02 20:00:03.266, 263, 22528, 37
2026/10/02 20:00:04.267, 263, 22528, 83
2026/10/02 20:00:05.268, 241, 22528, 83
2026/10/02 20:00:06.269, 251, 22528, 38
2026/10/02 20:00:07.273, 1215, 22528, 5
2026/10/02 20:00:08.274, 1215, 22528, 85
2026/10/02 20:00:09.275, 1387, 22528, 100
2026/10/02 20:00:10.276, 1387, 22528, 76
2026/10/02 20:00:11.277, 2179, 22528, 100
2026/10/02 20:00:12.279, 3711, 22528, 100
2026/10/02 20:00:13.280, 3711, 22528, 100
2026/10/02 20:00:14.281, 3473, 22528, 100
2026/10/02 20:00:15.283, 5757, 22528, 100
2026/10/02 20:00:16.284, 5757, 22528, 100
2026/10/02 20:00:17.286, 5757, 22528, 100
2026/10/02 20:00:18.287, 5757, 22528, 100
2026/10/02 20:00:19.288, 5757, 22528, 100
2026/10/02 20:00:20.290, 3905, 22528, 100
2026/10/02 20:00:21.291, 3905, 22528, 46
2026/10/02 20:00:22.292, 4879, 22528, 0
2026/10/02 20:00:23.293, 4879, 22528, 58
2026/10/02 20:00:24.294, 4879, 22528, 100
2026/10/02 20:00:25.296, 5331, 22528, 81
2026/10/02 20:00:26.297, 3095, 22528, 100
2026/10/02 20:00:27.299, 3095, 22528, 100
2026/10/02 20:00:28.300, 3095, 22528, 100
2026/10/02 20:00:29.301, 3679, 22528, 100
2026/10/02 20:00:30.302, 4183, 22528, 100
2026/10/02 20:00:31.303, 4487, 22528, 100
2026/10/02 20:00:32.304, 4487, 22528, 100
2026/10/02 20:00:33.305, 4487, 22528, 100
2026/10/02 20:00:34.307, 5231, 22528, 100
2026/10/02 20:00:35.309, 5739, 22528, 100
2026/10/02 20:00:36.310, 5739, 22528, 100
2026/10/02 20:00:37.311, 5739, 22528, 100
2026/10/02 20:00:38.312, 5739, 22528, 100
2026/10/02 20:00:39.314, 5739, 22528, 100
2026/10/02 20:00:40.315, 6275, 22528, 100
2026/10/02 20:00:41.316, 7431, 22528, 100
2026/10/02 20:00:42.317, 7431, 22528, 100
2026/10/02 20:00:43.318, 8659, 22528, 100
2026/10/02 20:00:44.320, 9443, 22528, 100
2026/10/02 20:00:45.321, 9443, 22528, 100
2026/10/02 20:00:46.322, 9443, 22528, 100
2026/10/02 20:00:47.324, 9443, 22528, 100
2026/10/02 20:00:48.325, 9443, 22528, 100
2026/10/02 20:00:49.326, 9443, 22528, 100
2026/10/02 20:00:50.328, 9443, 22528, 100
2026/10/02 20:00:51.329, 9443, 22528, 100
2026/10/02 20:00:52.330, 9443, 22528, 100
2026/10/02 20:00:53.331, 9443, 22528, 100
2026/10/02 20:00:54.332, 9443, 22528, 100
2026/10/02 20:00:55.333, 9443, 22528, 100
2026/10/02 20:00:56.334, 9185, 22528, 100
2026/10/02 20:00:57.336, 8289, 22528, 82
2026/10/02 20:00:58.337, 8289, 22528, 0
2026/10/02 20:00:59.338, 8289, 22528, 0
2026/10/02 20:01:00.340, 8289, 22528, 0
2026/10/02 20:01:01.341, 4799, 22528, 0
2026/10/02 20:01:02.342, 4799, 22528, 76
2026/10/02 20:01:03.343, 2663, 22528, 100
2026/10/02 20:01:04.344, 2675, 22528, 100
2026/10/02 20:01:05.345, 2963, 22528, 100
2026/10/02 20:01:06.346, 2963, 22528, 100
2026/10/02 20:01:07.348, 2975, 22528, 100
2026/10/02 20:01:08.349, 3791, 22528, 100
2026/10/02 20:01:09.350, 4575, 22528, 100
2026/10/02 20:01:10.351, 5451, 22528, 100
2026/10/02 20:01:11.353, 5899, 22528, 100
2026/10/02 20:01:12.355, 5899, 22528, 100
2026/10/02 20:01:13.356, 6643, 22528, 100
2026/10/02 20:01:14.357, 7703, 22528, 100
2026/10/02 20:01:15.358, 8179, 22528, 100
2026/10/02 20:01:16.359, 9043, 22528, 100
2026/10/02 20:01:17.361, 9937, 22528, 100
2026/10/02 20:01:18.363, 6611, 22528, 100
2026/10/02 20:01:19.364, 6613, 22528, 100
2026/10/02 20:01:20.366, 6613, 22528, 100
2026/10/02 20:01:21.367, 6615, 22528, 100
2026/10/02 20:01:22.368, 6615, 22528, 100
2026/10/02 20:01:23.369, 7177, 22528, 100
2026/10/02 20:01:24.370, 7177, 22528, 100
2026/10/02 20:01:25.371, 7179, 22528, 100
2026/10/02 20:01:26.372, 6847, 22528, 100
2026/10/02 20:01:27.375, 7147, 22528, 100
2026/10/02 20:01:28.376, 8555, 22528, 100
2026/10/02 20:01:29.377, 10353, 22528, 100
2026/10/02 20:01:30.378, 10353, 22528, 100
2026/10/02 20:01:31.380, 10353, 22528, 100
2026/10/02 20:01:32.381, 10353, 22528, 100
2026/10/02 20:01:33.382, 10353, 22528, 100
2026/10/02 20:01:34.383, 9647, 22528, 100
