2026/10/03 08:09:04.185, 159, 22528, 0
2026/10/03 08:09:05.187, 159, 22528, 0
2026/10/03 08:09:06.188, 159, 22528, 0
2026/10/03 08:09:07.189, 2797, 22528, 0
2026/10/03 08:09:08.190, 2797, 22528, 66
2026/10/03 08:09:09.192, 2797, 22528, 100
2026/10/03 08:09:10.193, 2799, 22528, 100
2026/10/03 08:09:11.194, 2799, 22528, 98
2026/10/03 08:09:12.195, 2799, 22528, 100
2026/10/03 08:09:13.198, 2799, 22528, 100
2026/10/03 08:09:14.199, 2799, 22528, 100
2026/10/03 08:09:15.200, 2803, 22528, 100
2026/10/03 08:09:16.202, 2803, 22528, 96
2026/10/03 08:09:17.203, 2803, 22528, 100
2026/10/03 08:09:18.204, 2803, 22528, 100
2026/10/03 08:09:19.205, 2803, 22528, 100
2026/10/03 08:09:20.207, 2803, 22528, 100
2026/10/03 08:09:21.208, 2803, 22528, 100
2026/10/03 08:09:22.210, 2803, 22528, 100
2026/10/03 08:09:23.211, 2803, 22528, 100
2026/10/03 08:09:24.212, 2803, 22528, 99
2026/10/03 08:09:25.213, 2803, 22528, 100
2026/10/03 08:09:26.214, 2803, 22528, 100
2026/10/03 08:09:27.229, 2803, 22528, 100
2026/10/03 08:09:28.230, 2803, 22528, 100
2026/10/03 08:09:29.231, 2803, 22528, 100
2026/10/03 08:09:30.232, 2803, 22528, 100
2026/10/03 08:09:31.233, 2803, 22528, 100
2026/10/03 08:09:32.235, 2803, 22528, 99
2026/10/03 08:09:33.236, 2803, 22528, 100
2026/10/03 08:09:34.237, 2803, 22528, 100
2026/10/03 08:09:35.238, 2803, 22528, 100
2026/10/03 08:09:36.239, 2803, 22528, 100
2026/10/03 08:09:37.240, 2803, 22528, 100
2026/10/03 08:09:38.241, 2803, 22528, 100
2026/10/03 08:09:39.242, 2803, 22528, 100
2026/10/03 08:09:40.243, 2803, 22528, 99
2026/10/03 08:09:41.244, 2803, 22528, 100
2026/10/03 08:09:42.245, 2803, 22528, 100
2026/10/03 08:09:43.247, 2803, 22528, 100
2026/10/03 08:09:44.248, 2803, 22528, 100
2026/10/03 08:09:45.249, 2803, 22528, 100
2026/10/03 08:09:46.250, 2803, 22528, 100
2026/10/03 08:09:47.251, 2803, 22528, 100
2026/10/03 08:09:48.252, 217, 22528, 72
2026/10/03 08:09:49.253, 217, 22528, 5
2026/10/03 08:09:50.255, 217, 22528, 0
2026/10/03 08:09:51.256, 217, 22528, 0
2026/10/03 08:09:52.257, 217, 22528, 0
2026/10/03 08:09:53.258, 217, 22528, 0
2026/10/03 08:09:54.259, 217, 22528, 0
2026/10/03 08:09:55.260, 217, 22528, 0
2026/10/03 08:09:56.261, 217, 22528, 0
2026/10/03 08:09:57.263, 217, 22528, 0
2026/10/03 08:09:58.264, 217, 22528, 0
2026/10/03 08:09:59.265, 217, 22528, 0
2026/10/03 08:10:00.266, 2133, 22528, 0
2026/10/03 08:10:01.267, 9711, 22528, 31
2026/10/03 08:10:02.268, 10227, 22528, 65
2026/10/03 08:10:03.269, 10227, 22528, 100
2026/10/03 08:10:04.270, 10227, 22528, 100
2026/10/03 08:10:05.271, 10227, 22528, 100
2026/10/03 08:10:06.273, 10227, 22528, 100
2026/10/03 08:10:07.274, 10227, 22528, 100
2026/10/03 08:10:08.276, 10227, 22528, 100
2026/10/03 08:10:09.277, 10227, 22528, 100
2026/10/03 08:10:10.279, 10227, 22528, 100
2026/10/03 08:10:11.280, 10227, 22528, 100
2026/10/03 08:10:12.281, 10227, 22528, 100
2026/10/03 08:10:13.282, 10227, 22528, 100
2026/10/03 08:10:14.283, 10227, 22528, 100
2026/10/03 08:10:15.284, 10227, 22528, 100
2026/10/03 08:10:16.285, 10227, 22528, 100
2026/10/03 08:10:17.287, 10227, 22528, 100
2026/10/03 08:10:18.288, 10227, 22528, 100
2026/10/03 08:10:19.289, 10227, 22528, 100
2026/10/03 08:10:20.290, 10227, 22528, 100
2026/10/03 08:10:21.291, 10227, 22528, 100
2026/10/03 08:10:22.292, 10227, 22528, 100
2026/10/03 08:10:23.294, 10227, 22528, 100
2026/10/03 08:10:24.295, 10227, 22528, 100
2026/10/03 08:10:25.297, 10227, 22528, 100
2026/10/03 08:10:26.298, 10227, 22528, 100
2026/10/03 08:10:27.299, 10229, 22528, 100
2026/10/03 08:10:28.300, 10229, 22528, 95
2026/10/03 08:10:29.303, 10229, 22528, 100
2026/10/03 08:10:30.304, 10229, 22528, 100
2026/10/03 08:10:31.305, 10229, 22528, 100
2026/10/03 08:10:32.306, 10229, 22528, 100
2026/10/03 08:10:33.308, 10229, 22528, 100
2026/10/03 08:10:34.309, 10229, 22528, 100
2026/10/03 08:10:35.310, 10229, 22528, 100
2026/10/03 08:10:36.311, 10229, 22528, 100
2026/10/03 08:10:37.312, 10229, 22528, 100
2026/10/03 08:10:38.314, 10229, 22528, 100
2026/10/03 08:10:39.315, 10229, 22528, 100
2026/10/03 08:10:40.316, 10229, 22528, 100
2026/10/03 08:10:41.318, 10229, 22528, 100
2026/10/03 08:10:42.319, 10229, 22528, 100
2026/10/03 08:10:43.320, 10229, 22528, 100
2026/10/03 08:10:44.321, 10229, 22528, 100
2026/10/03 08:10:45.322, 10229, 22528, 100
2026/10/03 08:10:46.323, 10229, 22528, 100
2026/10/03 08:10:47.324, 10229, 22528, 100
2026/10/03 08:10:48.326, 10229, 22528, 100
2026/10/03 08:10:49.327, 10229, 22528, 100
2026/10/03 08:10:50.328, 10229, 22528, 100
2026/10/03 08:10:51.329, 10229, 22528, 100
2026/10/03 08:10:52.330, 10229, 22528, 100
2026/10/03 08:10:53.331, 10229, 22528, 100
2026/10/03 08:10:54.333, 10229, 22528, 99
2026/10/03 08:10:55.334, 10229, 22528, 100
2026/10/03 08:10:56.336, 10229, 22528, 100
2026/10/03 08:10:57.337, 10229, 22528, 100
2026/10/03 08:10:58.339, 10229, 22528, 100
2026/10/03 08:10:59.340, 10229, 22528, 100
2026/10/03 08:11:00.342, 10229, 22528, 100
2026/10/03 08:11:01.343, 10229, 22528, 100
2026/10/03 08:11:02.344, 10229, 22528, 100
2026/10/03 08:11:03.345, 10229, 22528, 100
2026/10/03 08:11:04.346, 10229, 22528, 100
2026/10/03 08:11:05.348, 10229, 22528, 100
2026/10/03 08:11:06.349, 10229, 22528, 100
2026/10/03 08:11:07.350, 10229, 22528, 100
2026/10/03 08:11:08.351, 10229, 22528, 100
2026/10/03 08:11:09.352, 10229, 22528, 100
2026/10/03 08:11:10.354, 10229, 22528, 100
2026/10/03 08:11:11.355, 10229, 22528, 100
2026/10/03 08:11:12.356, 10229, 22528, 100
2026/10/03 08:11:13.357, 10229, 22528, 100
2026/10/03 08:11:14.358, 10229, 22528, 100
2026/10/03 08:11:15.359, 10229, 22528, 100
2026/10/03 08:11:16.361, 10229, 22528, 100
2026/10/03 08:11:17.362, 10229, 22528, 100
2026/10/03 08:11:18.363, 10229, 22528, 100
2026/10/03 08:11:19.364, 10229, 22528, 100
2026/10/03 08:11:20.365, 10229, 22528, 100
2026/10/03 08:11:21.366, 10229, 22528, 100
2026/10/03 08:11:22.367, 10229, 22528, 100
2026/10/03 08:11:23.368, 10229, 22528, 100
2026/10/03 08:11:24.369, 10229, 22528, 100
2026/10/03 08:11:25.372, 10229, 22528, 100
2026/10/03 08:11:26.373, 10229, 22528, 100
2026/10/03 08:11:27.374, 10229, 22528, 100
2026/10/03 08:11:28.376, 10229, 22528, 100
2026/10/03 08:11:29.377, 10229, 22528, 100
2026/10/03 08:11:30.378, 10229, 22528, 100
2026/10/03 08:11:31.379, 10229, 22528, 100
2026/10/03 08:11:32.380, 10229, 22528, 100
2026/10/03 08:11:33.381, 10229, 22528, 100
2026/10/03 08:11:34.383, 10229, 22528, 100
2026/10/03 08:11:35.384, 10229, 22528, 100
2026/10/03 08:11:36.385, 10229, 22528, 100
2026/10/03 08:11:37.386, 10229, 22528, 100
2026/10/03 08:11:38.389, 10229, 22528, 100
2026/10/03 08:11:39.390, 10229, 22528, 100
2026/10/03 08:11:40.391, 10229, 22528, 100
2026/10/03 08:11:41.393, 10229, 22528, 100
2026/10/03 08:11:42.394, 10229, 22528, 100
2026/10/03 08:11:43.396, 10229, 22528, 100
2026/10/03 08:11:44.397, 10229, 22528, 100
2026/10/03 08:11:45.399, 10229, 22528, 100
2026/10/03 08:11:46.400, 10229, 22528, 100
