2026/10/02 19:59:32.687, 5207, 22528, 100
2026/10/02 19:59:33.689, 4423, 22528, 89
2026/10/02 19:59:34.690, 4423, 22528, 0
2026/10/02 19:59:35.691, 4449, 22528, 0
2026/10/02 19:59:36.692, 4527, 22528, 0
2026/10/02 19:59:37.693, 1241, 22528, 74
2026/10/02 19:59:38.695, 1241, 22528, 100
2026/10/02 19:59:39.697, 1241, 22528, 100
2026/10/02 19:59:40.698, 1241, 22528, 100
2026/10/02 19:59:41.699, 1541, 22528, 100
2026/10/02 19:59:42.700, 1679, 22528, 100
2026/10/02 19:59:43.701, 2383, 22528, 100
2026/10/02 19:59:44.702, 2999, 22528, 100
2026/10/02 19:59:45.703, 2999, 22528, 100
2026/10/02 19:59:46.705, 4221, 22528, 100
2026/10/02 19:59:47.706, 4221, 22528, 100
2026/10/02 19:59:48.708, 4989, 22528, 100
2026/10/02 19:59:49.709, 4989, 22528, 100
2026/10/02 19:59:50.710, 3819, 22528, 87
2026/10/02 19:59:51.711, 3819, 22528, 0
2026/10/02 19:59:52.712, 3819, 22528, 0
2026/10/02 19:59:53.713, 3819, 22528, 0
2026/10/02 19:59:54.714, 937, 22528, 8
