timestamp, index, memory.used [MiB], utilization.gpu [%]
2026/10/02 09:22:55.338, 0, 0, 0
2026/10/02 09:22:56.344, 0, 0, 0
2026/10/02 09:22:57.346, 0, 0, 0
2026/10/02 09:22:58.348, 0, 3, 0
2026/10/02 09:22:59.351, 0, 3, 0
2026/10/02 09:23:00.354, 0, 3, 0
2026/10/02 09:23:01.356, 0, 3, 0
2026/10/02 09:23:02.358, 0, 3, 0
2026/10/02 09:23:03.361, 0, 3, 0
2026/10/02 09:23:04.363, 0, 831, 0
2026/10/02 09:23:05.364, 0, 1153, 28
2026/10/02 09:23:06.365, 0, 667, 40
2026/10/02 09:23:07.366, 0, 569, 7
2026/10/02 09:23:08.367, 0, 241, 22
2026/10/02 09:23:09.368, 0, 241, 19
2026/10/02 09:23:10.369, 0, 241, 0
2026/10/02 09:23:11.371, 0, 241, 0
2026/10/02 09:23:12.372, 0, 241, 0
2026/10/02 09:23:13.373, 0, 241, 0
2026/10/02 09:23:14.374, 0, 241, 0
2026/10/02 09:23:15.375, 0, 241, 0
2026/10/02 09:23:16.377, 0, 241, 0
2026/10/02 09:23:17.378, 0, 241, 0
2026/10/02 09:23:18.379, 0, 241, 0
2026/10/02 09:23:19.380, 0, 241, 0
2026/10/02 09:23:20.382, 0, 241, 0
2026/10/02 09:23:21.385, 0, 3431, 1
2026/10/02 09:23:22.386, 0, 10255, 49
2026/10/02 09:23:23.387, 0, 10255, 100
2026/10/02 09:23:24.390, 0, 10255, 100
2026/10/02 09:23:25.391, 0, 10255, 100
2026/10/02 09:23:26.392, 0, 10255, 100
2026/10/02 09:23:27.393, 0, 10255, 100
2026/10/02 09:23:28.395, 0, 10255, 100
2026/10/02 09:23:29.397, 0, 10255, 100
2026/10/02 09:23:30.398, 0, 10255, 100
2026/10/02 09:23:31.399, 0, 10255, 100
2026/10/02 09:23:32.400, 0, 10255, 100
2026/10/02 09:23:33.401, 0, 10255, 100
2026/10/02 09:23:34.402, 0, 10255, 100
2026/10/02 09:23:35.403, 0, 10255, 100
2026/10/02 09:23:36.404, 0, 10255, 100
2026/10/02 09:23:37.406, 0, 10255, 100
2026/10/02 09:23:38.407, 0, 10255, 100
2026/10/02 09:23:39.409, 0, 10255, 100
2026/10/02 09:23:40.410, 0, 10255, 100
2026/10/02 09:23:41.411, 0, 10255, 100
2026/10/02 09:23:42.412, 0, 10255, 100
2026/10/02 09:23:43.417, 0, 10255, 100
2026/10/02 09:23:44.418, 0, 10255, 100
2026/10/02 09:23:45.420, 0, 10255, 100
2026/10/02 09:23:46.421, 0, 10255, 100
2026/10/02 09:23:47.422, 0, 10255, 100
2026/10/02 09:23:48.423, 0, 10255, 100
2026/10/02 09:23:49.424, 0, 10255, 100
2026/10/02 09:23:50.426, 0, 10255, 100
2026/10/02 09:23:51.427, 0, 10255, 100
2026/10/02 09:23:52.429, 0, 10255, 100
2026/10/02 09:23:53.430, 0, 10255, 100
2026/10/02 09:23:54.431, 0, 10255, 100
2026/10/02 09:23:55.432, 0, 10255, 100
2026/10/02 09:23:56.434, 0, 10255, 100
2026/10/02 09:23:57.435, 0, 10255, 100
2026/10/02 09:23:58.437, 0, 10255, 100
2026/10/02 09:23:59.438, 0, 10255, 100
2026/10/02 09:24:00.440, 0, 10255, 100
2026/10/02 09:24:01.441, 0, 10255, 100
2026/10/02 09:24:02.442, 0, 10255, 100
2026/10/02 09:24:03.443, 0, 10255, 100
2026/10/02 09:24:04.444, 0, 10255, 100
2026/10/02 09:24:05.446, 0, 10255, 100
2026/10/02 09:24:06.447, 0, 10255, 100
2026/10/02 09:24:07.448, 0, 10255, 100
2026/10/02 09:24:08.449, 0, 10255, 100
2026/10/02 09:24:09.451, 0, 10255, 100
2026/10/02 09:24:10.452, 0, 10255, 100
2026/10/02 09:24:11.453, 0, 10255, 100
2026/10/02 09:24:12.454, 0, 10255, 100
2026/10/02 09:24:13.455, 0, 10255, 100
2026/10/02 09:24:14.457, 0, 10255, 100
2026/10/02 09:24:15.458, 0, 10255, 100
2026/10/02 09:24:16.460, 0, 10255, 100
2026/10/02 09:24:17.461, 0, 10255, 100
2026/10/02 09:24:18.462, 0, 10255, 100
2026/10/02 09:24:19.464, 0, 10255, 100
2026/10/02 09:24:20.465, 0, 10255, 100
2026/10/02 09:24:21.466, 0, 10255, 100
2026/10/02 09:24:22.467, 0, 10255, 100
2026/10/02 09:24:23.468, 0, 10255, 100
2026/10/02 09:24:24.469, 0, 10255, 100
2026/10/02 09:24:25.470, 0, 10255, 100
2026/10/02 09:24:26.472, 0, 10255, 100
2026/10/02 09:24:27.473, 0, 10255, 100
2026/10/02 09:24:28.475, 0, 10255, 100
2026/10/02 09:24:29.476, 0, 10255, 100
2026/10/02 09:24:30.478, 0, 10255, 100
2026/10/02 09:24:31.479, 0, 10255, 100
2026/10/02 09:24:32.480, 0, 10255, 100
2026/10/02 09:24:33.482, 0, 10255, 100
2026/10/02 09:24:34.483, 0, 10255, 100
2026/10/02 09:24:35.485, 0, 10255, 100
2026/10/02 09:24:36.486, 0, 10255, 100
2026/10/02 09:24:37.487, 0, 10255, 100
2026/10/02 09:24:38.489, 0, 10255, 100
2026/10/02 09:24:39.491, 0, 10255, 100
2026/10/02 09:24:40.492, 0, 10255, 100
2026/10/02 09:24:41.494, 0, 10255, 100
2026/10/02 09:24:42.495, 0, 10255, 100
2026/10/02 09:24:43.497, 0, 10255, 100
2026/10/02 09:24:44.498, 0, 10255, 100
2026/10/02 09:24:45.499, 0, 10255, 100
2026/10/02 09:24:46.502, 0, 10255, 100
2026/10/02 09:24:47.503, 0, 10255, 100
2026/10/02 09:24:48.504, 0, 10255, 100
2026/10/02 09:24:49.505, 0, 10255, 100
2026/10/02 09:24:50.506, 0, 10255, 100
2026/10/02 09:24:51.507, 0, 10255, 100
2026/10/02 09:24:52.509, 0, 10255, 100
2026/10/02 09:24:53.510, 0, 10255, 100
2026/10/02 09:24:54.512, 0, 10255, 100
2026/10/02 09:24:55.513, 0, 10255, 100
2026/10/02 09:24:56.514, 0, 10255, 100
2026/10/02 09:24:57.517, 0, 10255, 100
2026/10/02 09:24:58.518, 0, 10255, 100
2026/10/02 09:24:59.519, 0, 10255, 100
2026/10/02 09:25:00.521, 0, 10255, 100
2026/10/02 09:25:01.522, 0, 10255, 100
2026/10/02 09:25:02.523, 0, 10255, 100
2026/10/02 09:25:03.524, 0, 10255, 100
2026/10/02 09:25:04.525, 0, 10255, 100
2026/10/02 09:25:05.527, 0, 10255, 100
2026/10/02 09:25:06.530, 0, 10255, 100
2026/10/02 09:25:07.531, 0, 10255, 100
2026/10/02 09:25:08.532, 0, 10255, 100
2026/10/02 09:25:09.533, 0, 10255, 100
2026/10/02 09:25:10.534, 0, 10255, 100
2026/10/02 09:25:11.535, 0, 10255, 100
2026/10/02 09:25:12.536, 0, 10255, 100
2026/10/02 09:25:13.537, 0, 10255, 100
2026/10/02 09:25:14.538, 0, 10255, 100
2026/10/02 09:25:15.539, 0, 10255, 100
2026/10/02 09:25:16.540, 0, 10255, 100
2026/10/02 09:25:17.542, 0, 10255, 100
2026/10/02 09:25:18.543, 0, 10255, 100
2026/10/02 09:25:19.544, 0, 10255, 100
2026/10/02 09:25:20.545, 0, 10255, 100
2026/10/02 09:25:21.546, 0, 10255, 100
2026/10/02 09:25:22.547, 0, 10255, 100
2026/10/02 09:25:23.548, 0, 10255, 100
2026/10/02 09:25:24.549, 0, 10255, 100
2026/10/02 09:25:25.551, 0, 10255, 100
2026/10/02 09:25:26.552, 0, 10255, 100
2026/10/02 09:25:27.553, 0, 10255, 100
2026/10/02 09:25:28.554, 0, 10255, 100
2026/10/02 09:25:29.555, 0, 10255, 100
2026/10/02 09:25:30.556, 0, 10255, 100
2026/10/02 09:25:31.559, 0, 10255, 100
2026/10/02 09:25:32.560, 0, 10255, 100
2026/10/02 09:25:33.561, 0, 10255, 100
2026/10/02 09:25:34.562, 0, 10255, 100
2026/10/02 09:25:35.564, 0, 10255, 100
2026/10/02 09:25:36.565, 0, 10255, 100
2026/10/02 09:25:37.566, 0, 10255, 100
2026/10/02 09:25:38.567, 0, 10255, 100
2026/10/02 09:25:39.568, 0, 10255, 100
2026/10/02 09:25:40.569, 0, 10255, 100
2026/10/02 09:25:41.570, 0, 10255, 100
2026/10/02 09:25:42.573, 0, 10255, 100
2026/10/02 09:25:43.574, 0, 10255, 100
2026/10/02 09:25:44.575, 0, 10255, 100
2026/10/02 09:25:45.576, 0, 10255, 100
2026/10/02 09:25:46.577, 0, 10255, 100
2026/10/02 09:25:47.578, 0, 10255, 100
2026/10/02 09:25:48.581, 0, 10255, 100
2026/10/02 09:25:49.582, 0, 10255, 100
2026/10/02 09:25:50.583, 0, 10255, 100
2026/10/02 09:25:51.585, 0, 10255, 100
2026/10/02 09:25:52.586, 0, 10255, 100
2026/10/02 09:25:53.587, 0, 10255, 100
2026/10/02 09:25:54.588, 0, 10255, 100
2026/10/02 09:25:55.589, 0, 10255, 100
2026/10/02 09:25:56.590, 0, 10255, 100
2026/10/02 09:25:57.591, 0, 10255, 100
2026/10/02 09:25:58.594, 0, 10255, 100
2026/10/02 09:25:59.595, 0, 10255, 100
2026/10/02 09:26:00.596, 0, 10255, 100
2026/10/02 09:26:01.597, 0, 10255, 100
2026/10/02 09:26:02.599, 0, 10255, 100
2026/10/02 09:26:03.600, 0, 10255, 100
2026/10/02 09:26:04.601, 0, 10255, 100
2026/10/02 09:26:05.603, 0, 10255, 100
2026/10/02 09:26:06.604, 0, 10255, 100
2026/10/02 09:26:07.605, 0, 10255, 100
2026/10/02 09:26:08.607, 0, 10255, 100
2026/10/02 09:26:09.608, 0, 10255, 100
2026/10/02 09:26:10.609, 0, 10255, 100
2026/10/02 09:26:11.611, 0, 10255, 100
2026/10/02 09:26:12.612, 0, 10255, 100
2026/10/02 09:26:13.615, 0, 10255, 100
2026/10/02 09:26:14.616, 0, 10255, 100
2026/10/02 09:26:15.617, 0, 10255, 100
2026/10/02 09:26:16.618, 0, 10255, 100
2026/10/02 09:26:17.619, 0, 10255, 100
2026/10/02 09:26:18.620, 0, 10255, 100
2026/10/02 09:26:19.621, 0, 10255, 100
2026/10/02 09:26:20.622, 0, 10255, 100
2026/10/02 09:26:21.623, 0, 10255, 100
2026/10/02 09:26:22.625, 0, 10255, 100
2026/10/02 09:26:23.626, 0, 10255, 100
2026/10/02 09:26:24.627, 0, 10255, 100
2026/10/02 09:26:25.630, 0, 10255, 100
2026/10/02 09:26:26.631, 0, 10255, 100
2026/10/02 09:26:27.632, 0, 10255, 100
2026/10/02 09:26:28.633, 0, 10255, 100
2026/10/02 09:26:29.636, 0, 10255, 100
2026/10/02 09:26:30.638, 0, 10255, 100
2026/10/02 09:26:31.639, 0, 10255, 100
2026/10/02 09:26:32.640, 0, 10255, 100
2026/10/02 09:26:33.642, 0, 10255, 100
2026/10/02 09:26:34.643, 0, 10255, 100
2026/10/02 09:26:35.644, 0, 10255, 100
2026/10/02 09:26:36.645, 0, 10255, 100
2026/10/02 09:26:37.646, 0, 10255, 100
2026/10/02 09:26:38.647, 0, 10255, 100
2026/10/02 09:26:39.648, 0, 10255, 100
2026/10/02 09:26:40.649, 0, 10255, 100
2026/10/02 09:26:41.650, 0, 10255, 100
2026/10/02 09:26:42.653, 0, 10255, 100
2026/10/02 09:26:43.654, 0, 10255, 100
2026/10/02 09:26:44.655, 0, 10255, 100
2026/10/02 09:26:45.656, 0, 10255, 100
2026/10/02 09:26:46.657, 0, 10255, 100
2026/10/02 09:26:47.658, 0, 10255, 100
2026/10/02 09:26:48.659, 0, 10255, 100
2026/10/02 09:26:49.660, 0, 10255, 100
2026/10/02 09:26:50.662, 0, 10255, 100
2026/10/02 09:26:51.663, 0, 10255, 100
2026/10/02 09:26:52.664, 0, 10255, 100
2026/10/02 09:26:53.665, 0, 10255, 100
2026/10/02 09:26:54.666, 0, 10255, 100
2026/10/02 09:26:55.667, 0, 10255, 100
2026/10/02 09:26:56.670, 0, 10255, 100
2026/10/02 09:26:57.671, 0, 10255, 100
2026/10/02 09:26:58.672, 0, 10255, 100
2026/10/02 09:26:59.673, 0, 10255, 100
2026/10/02 09:27:00.674, 0, 10255, 100
2026/10/02 09:27:01.676, 0, 10255, 100
2026/10/02 09:27:02.677, 0, 10255, 100
2026/10/02 09:27:03.679, 0, 10255, 100
2026/10/02 09:27:04.679, 0, 10255, 100
2026/10/02 09:27:05.682, 0, 10255, 100
2026/10/02 09:27:06.683, 0, 10255, 100
2026/10/02 09:27:07.685, 0, 10255, 100
2026/10/02 09:27:08.686, 0, 10255, 100
2026/10/02 09:27:09.687, 0, 10255, 100
2026/10/02 09:27:10.688, 0, 10255, 100
2026/10/02 09:27:11.689, 0, 10255, 100
2026/10/02 09:27:12.690, 0, 10255, 100
2026/10/02 09:27:13.691, 0, 10255, 100
2026/10/02 09:27:14.693, 0, 10255, 100
2026/10/02 09:27:15.694, 0, 10255, 100
2026/10/02 09:27:16.695, 0, 10255, 100
2026/10/02 09:27:17.696, 0, 10255, 100
2026/10/02 09:27:18.697, 0, 10255, 100
2026/10/02 09:27:19.698, 0, 10255, 100
2026/10/02 09:27:20.699, 0, 10255, 100
2026/10/02 09:27:21.700, 0, 10255, 100
2026/10/02 09:27:22.701, 0, 10255, 100
2026/10/02 09:27:23.702, 0, 10255, 100
2026/10/02 09:27:24.703, 0, 10255, 100
2026/10/02 09:27:25.704, 0, 10255, 100
2026/10/02 09:27:26.705, 0, 10255, 100
2026/10/02 09:27:27.707, 0, 10255, 100
2026/10/02 09:27:28.708, 0, 10255, 100
2026/10/02 09:27:29.709, 0, 10255, 100
2026/10/02 09:27:30.711, 0, 10255, 100
2026/10/02 09:27:31.712, 0, 10255, 100
2026/10/02 09:27:32.713, 0, 10255, 100
2026/10/02 09:27:33.714, 0, 10255, 100
2026/10/02 09:27:34.715, 0, 10255, 100
2026/10/02 09:27:35.716, 0, 10255, 100
2026/10/02 09:27:36.718, 0, 10255, 100
2026/10/02 09:27:37.720, 0, 10255, 100
2026/10/02 09:27:38.721, 0, 10255, 100
2026/10/02 09:27:39.723, 0, 10255, 100
2026/10/02 09:27:40.724, 0, 10255, 100
2026/10/02 09:27:41.725, 0, 10255, 100
2026/10/02 09:27:42.726, 0, 10255, 100
2026/10/02 09:27:43.728, 0, 10255, 100
2026/10/02 09:27:44.730, 0, 10255, 100
2026/10/02 09:27:45.731, 0, 10255, 100
2026/10/02 09:27:46.733, 0, 10255, 100
2026/10/02 09:27:47.734, 0, 10255, 100
2026/10/02 09:27:48.735, 0, 10255, 100
2026/10/02 09:27:49.736, 0, 10255, 100
2026/10/02 09:27:50.737, 0, 10255, 100
2026/10/02 09:27:51.739, 0, 10255, 100
2026/10/02 09:27:52.740, 0, 10255, 100
2026/10/02 09:27:53.741, 0, 10255, 100
2026/10/02 09:27:54.742, 0, 10255, 100
2026/10/02 09:27:55.743, 0, 10255, 100
2026/10/02 09:27:56.744, 0, 10255, 100
2026/10/02 09:27:57.745, 0, 10255, 100
2026/10/02 09:27:58.746, 0, 10255, 100
2026/10/02 09:27:59.747, 0, 10255, 100
2026/10/02 09:28:00.748, 0, 10255, 100
2026/10/02 09:28:01.749, 0, 10255, 100
2026/10/02 09:28:02.751, 0, 10255, 100
2026/10/02 09:28:03.752, 0, 10255, 100
2026/10/02 09:28:04.753, 0, 10255, 100
2026/10/02 09:28:05.755, 0, 10255, 100
2026/10/02 09:28:06.756, 0, 10255, 100
2026/10/02 09:28:07.757, 0, 10255, 100
2026/10/02 09:28:08.758, 0, 10255, 100
2026/10/02 09:28:09.759, 0, 10255, 100
2026/10/02 09:28:10.760, 0, 10255, 100
2026/10/02 09:28:11.761, 0, 10255, 100
2026/10/02 09:28:12.762, 0, 10255, 100
2026/10/02 09:28:13.764, 0, 10255, 100
2026/10/02 09:28:14.765, 0, 10255, 100
2026/10/02 09:28:15.766, 0, 10255, 100
2026/10/02 09:28:16.767, 0, 10255, 100
2026/10/02 09:28:17.768, 0, 10255, 100
2026/10/02 09:28:18.769, 0, 10255, 100
2026/10/02 09:28:19.772, 0, 10255, 100
2026/10/02 09:28:20.773, 0, 10255, 100
2026/10/02 09:28:21.774, 0, 10255, 100
2026/10/02 09:28:22.777, 0, 10255, 100
2026/10/02 09:28:23.778, 0, 10255, 100
2026/10/02 09:28:24.779, 0, 10255, 100
2026/10/02 09:28:25.781, 0, 10255, 100
2026/10/02 09:28:26.782, 0, 10255, 100
2026/10/02 09:28:27.783, 0, 10255, 100
2026/10/02 09:28:28.784, 0, 10255, 100
2026/10/02 09:28:29.785, 0, 10255, 100
2026/10/02 09:28:30.786, 0, 10255, 100
2026/10/02 09:28:31.787, 0, 10255, 100
2026/10/02 09:28:32.788, 0, 10255, 100
2026/10/02 09:28:33.790, 0, 10255, 100
2026/10/02 09:28:34.791, 0, 10255, 100
2026/10/02 09:28:35.792, 0, 10255, 100
2026/10/02 09:28:36.793, 0, 10255, 100
2026/10/02 09:28:37.794, 0, 10255, 100
2026/10/02 09:28:38.796, 0, 10255, 100
2026/10/02 09:28:39.798, 0, 10255, 100
2026/10/02 09:28:40.799, 0, 10255, 100
2026/10/02 09:28:41.800, 0, 10255, 100
2026/10/02 09:28:42.801, 0, 10255, 100
2026/10/02 09:28:43.802, 0, 10255, 100
2026/10/02 09:28:44.804, 0, 10255, 100
2026/10/02 09:28:45.805, 0, 10255, 100
2026/10/02 09:28:46.806, 0, 10255, 100
2026/10/02 09:28:47.808, 0, 10255, 100
2026/10/02 09:28:48.809, 0, 10255, 100
2026/10/02 09:28:49.810, 0, 10255, 100
2026/10/02 09:28:50.812, 0, 10255, 100
2026/10/02 09:28:51.813, 0, 10255, 100
2026/10/02 09:28:52.814, 0, 10255, 100
2026/10/02 09:28:53.815, 0, 10255, 100
2026/10/02 09:28:54.816, 0, 10255, 100
2026/10/02 09:28:55.817, 0, 10255, 100
2026/10/02 09:28:56.819, 0, 10255, 100
2026/10/02 09:28:57.820, 0, 10255, 100
2026/10/02 09:28:58.821, 0, 10255, 100
2026/10/02 09:28:59.822, 0, 10255, 100
2026/10/02 09:29:00.823, 0, 10255, 100
2026/10/02 09:29:01.825, 0, 10255, 100
2026/10/02 09:29:02.827, 0, 10255, 100
2026/10/02 09:29:03.828, 0, 10255, 100
2026/10/02 09:29:04.830, 0, 10255, 100
2026/10/02 09:29:05.831, 0, 10255, 100
2026/10/02 09:29:06.832, 0, 10255, 100
2026/10/02 09:29:07.834, 0, 10255, 100
2026/10/02 09:29:08.835, 0, 10255, 100
2026/10/02 09:29:09.836, 0, 10255, 100
2026/10/02 09:29:10.837, 0, 10255, 100
2026/10/02 09:29:11.838, 0, 10255, 100
2026/10/02 09:29:12.839, 0, 10255, 100
2026/10/02 09:29:13.841, 0, 10255, 100
2026/10/02 09:29:14.842, 0, 10255, 100
2026/10/02 09:29:15.843, 0, 10255, 100
2026/10/02 09:29:16.844, 0, 10255, 100
2026/10/02 09:29:17.845, 0, 10255, 100
2026/10/02 09:29:18.846, 0, 10255, 100
2026/10/02 09:29:19.847, 0, 10255, 100
2026/10/02 09:29:20.848, 0, 10255, 100
2026/10/02 09:29:21.850, 0, 10255, 100
2026/10/02 09:29:22.851, 0, 10255, 100
2026/10/02 09:29:23.852, 0, 10255, 100
2026/10/02 09:29:24.853, 0, 10255, 100
2026/10/02 09:29:25.854, 0, 10255, 100
2026/10/02 09:29:26.856, 0, 10255, 100
2026/10/02 09:29:27.858, 0, 10255, 100
2026/10/02 09:29:28.859, 0, 10255, 100
2026/10/02 09:29:29.860, 0, 10255, 100
2026/10/02 09:29:30.861, 0, 10255, 100
2026/10/02 09:29:31.863, 0, 10255, 100
2026/10/02 09:29:32.864, 0, 10255, 100
2026/10/02 09:29:33.865, 0, 10255, 100
2026/10/02 09:29:34.867, 0, 10255, 100
2026/10/02 09:29:35.868, 0, 10255, 100
2026/10/02 09:29:36.869, 0, 10255, 100
2026/10/02 09:29:37.870, 0, 10255, 100
2026/10/02 09:29:38.872, 0, 10255, 100
2026/10/02 09:29:39.873, 0, 10255, 100
2026/10/02 09:29:40.874, 0, 10255, 100
2026/10/02 09:29:41.876, 0, 10255, 100
2026/10/02 09:29:42.877, 0, 10255, 100
2026/10/02 09:29:43.878, 0, 10255, 100
2026/10/02 09:29:44.881, 0, 10255, 100
2026/10/02 09:29:45.882, 0, 10255, 100
2026/10/02 09:29:46.883, 0, 10255, 100
2026/10/02 09:29:47.884, 0, 10255, 100
2026/10/02 09:29:48.885, 0, 10255, 100
2026/10/02 09:29:49.886, 0, 10255, 100
2026/10/02 09:29:50.887, 0, 10255, 100
2026/10/02 09:29:51.889, 0, 10255, 100
2026/10/02 09:29:52.890, 0, 10255, 100
2026/10/02 09:29:53.891, 0, 10255, 100
2026/10/02 09:29:54.892, 0, 10255, 100
2026/10/02 09:29:55.893, 0, 10255, 100
2026/10/02 09:29:56.895, 0, 10255, 100
2026/10/02 09:29:57.896, 0, 10255, 100
2026/10/02 09:29:58.898, 0, 10255, 100
2026/10/02 09:29:59.899, 0, 10255, 100
2026/10/02 09:30:00.900, 0, 10255, 100
2026/10/02 09:30:01.901, 0, 10255, 100
2026/10/02 09:30:02.903, 0, 10255, 100
2026/10/02 09:30:03.904, 0, 10255, 100
2026/10/02 09:30:04.905, 0, 10255, 100
2026/10/02 09:30:05.906, 0, 10255, 100
2026/10/02 09:30:06.907, 0, 10255, 100
2026/10/02 09:30:07.910, 0, 10255, 100
2026/10/02 09:30:08.911, 0, 10255, 100
2026/10/02 09:30:09.912, 0, 10255, 100
2026/10/02 09:30:10.913, 0, 10255, 100
2026/10/02 09:30:11.915, 0, 10255, 100
2026/10/02 09:30:12.916, 0, 10255, 100
2026/10/02 09:30:13.918, 0, 10255, 100
2026/10/02 09:30:14.919, 0, 10255, 100
2026/10/02 09:30:15.920, 0, 10255, 100
2026/10/02 09:30:16.921, 0, 10255, 100
2026/10/02 09:30:17.923, 0, 10255, 100
2026/10/02 09:30:18.924, 0, 10255, 100
2026/10/02 09:30:19.926, 0, 10255, 100
2026/10/02 09:30:20.927, 0, 10255, 100
2026/10/02 09:30:21.928, 0, 10255, 100
2026/10/02 09:30:22.929, 0, 10255, 100
2026/10/02 09:30:23.930, 0, 10255, 100
2026/10/02 09:30:24.932, 0, 10255, 100
2026/10/02 09:30:25.933, 0, 10255, 100
2026/10/02 09:30:26.934, 0, 10255, 100
2026/10/02 09:30:27.936, 0, 10255, 100
2026/10/02 09:30:28.937, 0, 10255, 100
2026/10/02 09:30:29.938, 0, 10255, 100
2026/10/02 09:30:30.940, 0, 10255, 100
2026/10/02 09:30:31.941, 0, 10255, 100
2026/10/02 09:30:32.943, 0, 10255, 100
2026/10/02 09:30:33.944, 0, 10255, 100
2026/10/02 09:30:34.945, 0, 10255, 100
2026/10/02 09:30:35.946, 0, 10255, 100
2026/10/02 09:30:36.947, 0, 10255, 100
2026/10/02 09:30:37.948, 0, 10255, 100
2026/10/02 09:30:38.949, 0, 10255, 100
2026/10/02 09:30:39.950, 0, 10255, 100
2026/10/02 09:30:40.951, 0, 10255, 100
2026/10/02 09:30:41.954, 0, 10255, 100
2026/10/02 09:30:42.955, 0, 10255, 100
2026/10/02 09:30:43.957, 0, 10255, 100
2026/10/02 09:30:44.959, 0, 10255, 100
2026/10/02 09:30:45.960, 0, 10255, 100
2026/10/02 09:30:46.961, 0, 10255, 100
2026/10/02 09:30:47.963, 0, 10255, 100
2026/10/02 09:30:48.964, 0, 10255, 100
2026/10/02 09:30:49.965, 0, 10255, 100
2026/10/02 09:30:50.966, 0, 10255, 100
2026/10/02 09:30:51.968, 0, 10255, 100
2026/10/02 09:30:52.969, 0, 10255, 100
2026/10/02 09:30:53.970, 0, 10255, 100
2026/10/02 09:30:54.971, 0, 10255, 100
2026/10/02 09:30:55.972, 0, 10255, 100
2026/10/02 09:30:56.973, 0, 10255, 100
2026/10/02 09:30:57.974, 0, 10255, 100
2026/10/02 09:30:58.975, 0, 10255, 100
2026/10/02 09:30:59.976, 0, 10255, 100
2026/10/02 09:31:00.978, 0, 10255, 100
2026/10/02 09:31:01.979, 0, 10255, 100
2026/10/02 09:31:02.980, 0, 10255, 100
2026/10/02 09:31:03.982, 0, 10255, 100
2026/10/02 09:31:04.984, 0, 10255, 100
2026/10/02 09:31:05.985, 0, 10255, 100
2026/10/02 09:31:06.986, 0, 10255, 100
2026/10/02 09:31:07.988, 0, 10255, 100
2026/10/02 09:31:08.989, 0, 10255, 100
2026/10/02 09:31:09.990, 0, 10255, 100
2026/10/02 09:31:10.992, 0, 10255, 100
2026/10/02 09:31:11.993, 0, 10255, 100
2026/10/02 09:31:12.995, 0, 10255, 100
2026/10/02 09:31:13.996, 0, 10255, 100
2026/10/02 09:31:14.997, 0, 10255, 100
2026/10/02 09:31:15.998, 0, 10255, 100
2026/10/02 09:31:16.999, 0, 10255, 100
2026/10/02 09:31:18.000, 0, 10255, 100
2026/10/02 09:31:19.001, 0, 10255, 100
2026/10/02 09:31:20.003, 0, 10255, 100
2026/10/02 09:31:21.004, 0, 10255, 100
2026/10/02 09:31:22.006, 0, 10255, 100
2026/10/02 09:31:23.007, 0, 10255, 100
2026/10/02 09:31:24.009, 0, 10255, 100
2026/10/02 09:31:25.010, 0, 10255, 100
2026/10/02 09:31:26.011, 0, 10255, 100
2026/10/02 09:31:27.013, 0, 10255, 100
2026/10/02 09:31:28.014, 0, 10255, 100
2026/10/02 09:31:29.015, 0, 10255, 100
2026/10/02 09:31:30.016, 0, 10255, 100
2026/10/02 09:31:31.018, 0, 10255, 100
2026/10/02 09:31:32.019, 0, 10255, 100
2026/10/02 09:31:33.020, 0, 10255, 100
2026/10/02 09:31:34.021, 0, 10255, 100
2026/10/02 09:31:35.022, 0, 10255, 100
2026/10/02 09:31:36.024, 0, 10255, 100
2026/10/02 09:31:37.025, 0, 10255, 100
2026/10/02 09:31:38.026, 0, 10255, 100
2026/10/02 09:31:39.028, 0, 10255, 100
2026/10/02 09:31:40.029, 0, 10255, 100
2026/10/02 09:31:41.030, 0, 10255, 100
2026/10/02 09:31:42.031, 0, 10255, 100
2026/10/02 09:31:43.032, 0, 10255, 100
2026/10/02 09:31:44.033, 0, 10255, 100
2026/10/02 09:31:45.035, 0, 10255, 100
2026/10/02 09:31:46.036, 0, 10255, 100
2026/10/02 09:31:47.038, 0, 10255, 100
2026/10/02 09:31:48.039, 0, 10255, 100
2026/10/02 09:31:49.040, 0, 10255, 100
2026/10/02 09:31:50.043, 0, 10255, 100
2026/10/02 09:31:51.044, 0, 10255, 100
2026/10/02 09:31:52.045, 0, 10255, 100
2026/10/02 09:31:53.046, 0, 10255, 100
2026/10/02 09:31:54.047, 0, 10255, 100
2026/10/02 09:31:55.048, 0, 10255, 100
2026/10/02 09:31:56.049, 0, 10255, 100
2026/10/02 09:31:57.050, 0, 10255, 100
2026/10/02 09:31:58.053, 0, 10255, 100
2026/10/02 09:31:59.054, 0, 10255, 100
2026/10/02 09:32:00.055, 0, 10255, 100
2026/10/02 09:32:01.057, 0, 10255, 100
2026/10/02 09:32:02.058, 0, 10255, 100
2026/10/02 09:32:03.059, 0, 10255, 100
2026/10/02 09:32:04.061, 0, 10255, 100
2026/10/02 09:32:05.062, 0, 10255, 100
2026/10/02 09:32:06.063, 0, 10255, 100
2026/10/02 09:32:07.064, 0, 10255, 100
2026/10/02 09:32:08.066, 0, 10255, 100
2026/10/02 09:32:09.067, 0, 10255, 100
2026/10/02 09:32:10.069, 0, 10255, 100
2026/10/02 09:32:11.070, 0, 10255, 100
2026/10/02 09:32:12.071, 0, 10255, 100
2026/10/02 09:32:13.072, 0, 10255, 100
2026/10/02 09:32:14.073, 0, 10255, 100
2026/10/02 09:32:15.075, 0, 10255, 100
2026/10/02 09:32:16.076, 0, 10255, 100
2026/10/02 09:32:17.078, 0, 261, 76
2026/10/02 09:32:18.078, 0, 261, 12
2026/10/02 09:32:19.079, 0, 557, 0
2026/10/02 09:32:20.082, 0, 3451, 63
2026/10/02 09:32:21.084, 0, 3451, 100
2026/10/02 09:32:22.087, 0, 3451, 100
2026/10/02 09:32:23.088, 0, 3451, 100
2026/10/02 09:32:24.090, 0, 3451, 100
2026/10/02 09:32:25.091, 0, 3451, 100
2026/10/02 09:32:26.092, 0, 3451, 100
2026/10/02 09:32:27.093, 0, 3451, 100
2026/10/02 09:32:28.094, 0, 3451, 100
2026/10/02 09:32:29.096, 0, 3451, 100
2026/10/02 09:32:30.097, 0, 3451, 100
2026/10/02 09:32:31.098, 0, 3451, 100
2026/10/02 09:32:32.099, 0, 3451, 100
2026/10/02 09:32:33.100, 0, 3451, 100
2026/10/02 09:32:34.102, 0, 3451, 100
2026/10/02 09:32:35.103, 0, 3451, 100
2026/10/02 09:32:36.105, 0, 3451, 100
2026/10/02 09:32:37.106, 0, 3451, 100
2026/10/02 09:32:38.107, 0, 3451, 100
2026/10/02 09:32:39.110, 0, 3451, 100
2026/10/02 09:32:40.111, 0, 3451, 100
2026/10/02 09:32:41.114, 0, 3451, 100
2026/10/02 09:32:42.115, 0, 3451, 100
2026/10/02 09:32:43.116, 0, 3451, 100
2026/10/02 09:32:44.118, 0, 3451, 100
2026/10/02 09:32:45.119, 0, 3451, 100
2026/10/02 09:32:46.120, 0, 3451, 100
2026/10/02 09:32:47.121, 0, 3451, 100
2026/10/02 09:32:48.122, 0, 3451, 100
2026/10/02 09:32:49.123, 0, 3451, 100
2026/10/02 09:32:50.124, 0, 3451, 100
2026/10/02 09:32:51.125, 0, 3451, 100
2026/10/02 09:32:52.126, 0, 3451, 100
2026/10/02 09:32:53.129, 0, 3451, 100
2026/10/02 09:32:54.130, 0, 3451, 100
2026/10/02 09:32:55.132, 0, 3451, 100
2026/10/02 09:32:56.133, 0, 3451, 100
2026/10/02 09:32:57.134, 0, 3451, 100
2026/10/02 09:32:58.136, 0, 3451, 100
2026/10/02 09:32:59.137, 0, 3451, 100
2026/10/02 09:33:00.138, 0, 3451, 100
2026/10/02 09:33:01.139, 0, 3451, 100
2026/10/02 09:33:02.141, 0, 3451, 100
2026/10/02 09:33:03.142, 0, 3451, 100
2026/10/02 09:33:04.143, 0, 3451, 100
2026/10/02 09:33:05.146, 0, 3451, 100
2026/10/02 09:33:06.147, 0, 3451, 100
2026/10/02 09:33:07.148, 0, 3451, 100
2026/10/02 09:33:08.149, 0, 3451, 100
2026/10/02 09:33:09.150, 0, 539, 61
2026/10/02 09:33:10.151, 0, 541, 80
2026/10/02 09:33:11.152, 0, 541, 96
2026/10/02 09:33:12.153, 0, 541, 95
2026/10/02 09:33:13.154, 0, 541, 96
2026/10/02 09:33:14.155, 0, 541, 95
2026/10/02 09:33:15.156, 0, 541, 94
2026/10/02 09:33:16.157, 0, 541, 95
2026/10/02 09:33:17.158, 0, 541, 95
2026/10/02 09:33:18.159, 0, 541, 95
2026/10/02 09:33:19.160, 0, 541, 96
2026/10/02 09:33:20.161, 0, 541, 95
2026/10/02 09:33:21.162, 0, 541, 95
2026/10/02 09:33:22.163, 0, 541, 96
2026/10/02 09:33:23.164, 0, 541, 32
