2026/10/02 14:51:45.669, 3, 22528, 0
2026/10/02 14:51:46.673, 3, 22528, 0
2026/10/02 14:51:47.675, 3, 22528, 0
2026/10/02 14:51:48.678, 3, 22528, 0
2026/10/02 14:51:49.680, 3, 22528, 0
2026/10/02 14:51:50.683, 13, 22528, 0
2026/10/02 14:51:51.684, 199, 22528, 1
2026/10/02 14:51:52.686, 199, 22528, 0
2026/10/02 14:51:53.687, 199, 22528, 0
2026/10/02 14:51:54.688, 199, 22528, 0
2026/10/02 14:51:55.689, 199, 22528, 0
2026/10/02 14:51:56.690, 199, 22528, 0
2026/10/02 14:51:57.691, 199, 22528, 0
2026/10/02 14:51:58.693, 199, 22528, 0
2026/10/02 14:51:59.694, 199, 22528, 0
2026/10/02 14:52:00.695, 199, 22528, 0
2026/10/02 14:52:01.759, 199, 22528, 0
2026/10/02 14:52:02.760, 199, 22528, 0
2026/10/02 14:52:03.762, 359, 22528, 0
2026/10/02 14:52:04.763, 4393, 22528, 19
2026/10/02 14:52:05.764, 10181, 22528, 55
2026/10/02 14:52:06.766, 10181, 22528, 100
2026/10/02 14:52:07.769, 10181, 22528, 100
2026/10/02 14:52:08.770, 10181, 22528, 100
2026/10/02 14:52:09.773, 10181, 22528, 100
2026/10/02 14:52:10.774, 10181, 22528, 100
2026/10/02 14:52:11.775, 10181, 22528, 100
2026/10/02 14:52:12.776, 10181, 22528, 100
2026/10/02 14:52:13.777, 10181, 22528, 100
2026/10/02 14:52:14.778, 10181, 22528, 100
2026/10/02 14:52:15.779, 10181, 22528, 100
2026/10/02 14:52:16.781, 10181, 22528, 100
2026/10/02 14:52:17.782, 10181, 22528, 100
2026/10/02 14:52:18.784, 10181, 22528, 100
2026/10/02 14:52:19.785, 10181, 22528, 100
2026/10/02 14:52:20.787, 10181, 22528, 100
2026/10/02 14:52:21.788, 10181, 22528, 100
2026/10/02 14:52:22.789, 10181, 22528, 97
2026/10/02 14:52:23.791, 10181, 22528, 100
2026/10/02 14:52:24.792, 10181, 22528, 100
2026/10/02 14:52:25.793, 10181, 22528, 100
2026/10/02 14:52:26.794, 10181, 22528, 100
2026/10/02 14:52:27.795, 10181, 22528, 100
2026/10/02 14:52:28.796, 10181, 22528, 100
2026/10/02 14:52:29.797, 10181, 22528, 100
2026/10/02 14:52:30.798, 10181, 22528, 100
2026/10/02 14:52:31.799, 10181, 22528, 100
2026/10/02 14:52:32.801, 10181, 22528, 100
2026/10/02 14:52:33.802, 10181, 22528, 100
2026/10/02 14:52:34.804, 10181, 22528, 100
2026/10/02 14:52:35.805, 10181, 22528, 100
2026/10/02 14:52:36.806, 10181, 22528, 100
2026/10/02 14:52:37.808, 10181, 22528, 100
2026/10/02 14:52:38.809, 10181, 22528, 100
2026/10/02 14:52:39.810, 10181, 22528, 100
2026/10/02 14:52:40.812, 10181, 22528, 100
2026/10/02 14:52:41.813, 10181, 22528, 100
2026/10/02 14:52:42.814, 10181, 22528, 100
2026/10/02 14:52:43.816, 10181, 22528, 100
2026/10/02 14:52:44.817, 10181, 22528, 100
2026/10/02 14:52:45.819, 10181, 22528, 100
2026/10/02 14:52:46.820, 10181, 22528, 100
2026/10/02 14:52:47.821, 10181, 22528, 100
2026/10/02 14:52:48.823, 10181, 22528, 100
2026/10/02 14:52:49.825, 10181, 22528, 100
2026/10/02 14:52:50.826, 10181, 22528, 100
2026/10/02 14:52:51.827, 10181, 22528, 100
2026/10/02 14:52:52.828, 10181, 22528, 100
2026/10/02 14:52:53.829, 10181, 22528, 100
2026/10/02 14:52:54.830, 10181, 22528, 100
2026/10/02 14:52:55.832, 10181, 22528, 100
2026/10/02 14:52:56.833, 10181, 22528, 100
2026/10/02 14:52:57.834, 10181, 22528, 100
2026/10/02 14:52:58.837, 10181, 22528, 100
2026/10/02 14:52:59.838, 10181, 22528, 100
2026/10/02 14:53:00.839, 10181, 22528, 100
2026/10/02 14:53:01.840, 10181, 22528, 100
2026/10/02 14:53:02.842, 10181, 22528, 100
2026/10/02 14:53:03.843, 10181, 22528, 100
2026/10/02 14:53:04.844, 10181, 22528, 100
2026/10/02 14:53:05.845, 10181, 22528, 100
2026/10/02 14:53:06.847, 10181, 22528, 100
2026/10/02 14:53:07.848, 10181, 22528, 100
2026/10/02 14:53:08.850, 10181, 22528, 100
2026/10/02 14:53:09.851, 10181, 22528, 100
2026/10/02 14:53:10.852, 10181, 22528, 100
2026/10/02 14:53:11.853, 10181, 22528, 100
2026/10/02 14:53:12.854, 10181, 22528, 100
2026/10/02 14:53:13.855, 10181, 22528, 100
2026/10/02 14:53:14.857, 10181, 22528, 100
2026/10/02 14:53:15.858, 10181, 22528, 100
2026/10/02 14:53:16.860, 10181, 22528, 100
2026/10/02 14:53:17.861, 10181, 22528, 100
2026/10/02 14:53:18.862, 10181, 22528, 100
2026/10/02 14:53:19.863, 10181, 22528, 100
2026/10/02 14:53:20.864, 10181, 22528, 100
2026/10/02 14:53:21.868, 10181, 22528, 100
2026/10/02 14:53:22.869, 10181, 22528, 100
2026/10/02 14:53:23.870, 10181, 22528, 100
2026/10/02 14:53:24.872, 10181, 22528, 100
2026/10/02 14:53:25.873, 10181, 22528, 100
2026/10/02 14:53:26.875, 10181, 22528, 100
2026/10/02 14:53:27.876, 10181, 22528, 100
2026/10/02 14:53:28.878, 10181, 22528, 100
2026/10/02 14:53:29.879, 10181, 22528, 100
2026/10/02 14:53:30.880, 10181, 22528, 100
2026/10/02 14:53:31.881, 10181, 22528, 100
2026/10/02 14:53:32.883, 10181, 22528, 100
2026/10/02 14:53:33.884, 10181, 22528, 100
2026/10/02 14:53:34.885, 10181, 22528, 100
2026/10/02 14:53:35.887, 10181, 22528, 100
2026/10/02 14:53:36.889, 10181, 22528, 100
2026/10/02 14:53:37.891, 10181, 22528, 100
2026/10/02 14:53:38.892, 10181, 22528, 100
2026/10/02 14:53:39.893, 10181, 22528, 100
2026/10/02 14:53:40.894, 10181, 22528, 100
2026/10/02 14:53:41.896, 10181, 22528, 100
2026/10/02 14:53:42.898, 10181, 22528, 100
2026/10/02 14:53:43.899, 10181, 22528, 100
2026/10/02 14:53:44.900, 10181, 22528, 100
2026/10/02 14:53:45.901, 10181, 22528, 100
2026/10/02 14:53:46.903, 10181, 22528, 100
2026/10/02 14:53:47.904, 10181, 22528, 100
2026/10/02 14:53:48.905, 10181, 22528, 100
2026/10/02 14:53:49.906, 10181, 22528, 100
2026/10/02 14:53:50.908, 10181, 22528, 100
2026/10/02 14:53:51.909, 10181, 22528, 100
2026/10/02 14:53:52.910, 10181, 22528, 100
2026/10/02 14:53:53.911, 10181, 22528, 100
2026/10/02 14:53:54.913, 10181, 22528, 100
2026/10/02 14:53:55.914, 10181, 22528, 100
2026/10/02 14:53:56.915, 10181, 22528, 100
2026/10/02 14:53:57.916, 10181, 22528, 100
2026/10/02 14:53:58.917, 10181, 22528, 100
2026/10/02 14:53:59.918, 10181, 22528, 100
2026/10/02 14:54:00.920, 10181, 22528, 100
2026/10/02 14:54:01.921, 10181, 22528, 100
2026/10/02 14:54:02.924, 10181, 22528, 100
2026/10/02 14:54:03.925, 10181, 22528, 100
2026/10/02 14:54:04.926, 10181, 22528, 100
2026/10/02 14:54:05.928, 10181, 22528, 100
2026/10/02 14:54:06.929, 10181, 22528, 100
2026/10/02 14:54:07.931, 10181, 22528, 100
2026/10/02 14:54:08.932, 10181, 22528, 100
2026/10/02 14:54:09.934, 10181, 22528, 100
2026/10/02 14:54:10.935, 10181, 22528, 100
2026/10/02 14:54:11.936, 10181, 22528, 100
2026/10/02 14:54:12.938, 10181, 22528, 100
2026/10/02 14:54:13.939, 10181, 22528, 100
2026/10/02 14:54:14.940, 10181, 22528, 100
2026/10/02 14:54:15.941, 10181, 22528, 100
2026/10/02 14:54:16.943, 10181, 22528, 100
2026/10/02 14:54:17.944, 10181, 22528, 100
2026/10/02 14:54:18.946, 10181, 22528, 100
2026/10/02 14:54:19.947, 10181, 22528, 100
2026/10/02 14:54:20.950, 10181, 22528, 100
2026/10/02 14:54:21.951, 10181, 22528, 100
2026/10/02 14:54:22.952, 10181, 22528, 100
2026/10/02 14:54:23.953, 10181, 22528, 100
2026/10/02 14:54:24.954, 10181, 22528, 100
2026/10/02 14:54:25.955, 10181, 22528, 100
2026/10/02 14:54:26.956, 10181, 22528, 100
2026/10/02 14:54:27.957, 10181, 22528, 100
2026/10/02 14:54:28.958, 10181, 22528, 100
2026/10/02 14:54:29.960, 10181, 22528, 100
2026/10/02 14:54:30.961, 10181, 22528, 100
2026/10/02 14:54:31.962, 10181, 22528, 100
2026/10/02 14:54:32.963, 10181, 22528, 100
2026/10/02 14:54:33.964, 10181, 22528, 100
2026/10/02 14:54:34.966, 10181, 22528, 100
2026/10/02 14:54:35.967, 10181, 22528, 100
2026/10/02 14:54:36.969, 10181, 22528, 100
2026/10/02 14:54:37.971, 10181, 22528, 100
2026/10/02 14:54:38.972, 10181, 22528, 100
2026/10/02 14:54:39.974, 10181, 22528, 100
2026/10/02 14:54:40.975, 10181, 22528, 100
2026/10/02 14:54:41.978, 10181, 22528, 100
2026/10/02 14:54:42.979, 10181, 22528, 100
2026/10/02 14:54:43.980, 10181, 22528, 100
2026/10/02 14:54:44.981, 10181, 22528, 100
2026/10/02 14:54:45.982, 10181, 22528, 100
2026/10/02 14:54:46.984, 10181, 22528, 100
2026/10/02 14:54:47.985, 10181, 22528, 100
2026/10/02 14:54:48.986, 10181, 22528, 100
2026/10/02 14:54:49.987, 10181, 22528, 100
2026/10/02 14:54:50.988, 10181, 22528, 100
2026/10/02 14:54:51.990, 10181, 22528, 100
2026/10/02 14:54:52.992, 10181, 22528, 100
2026/10/02 14:54:53.993, 10181, 22528, 100
2026/10/02 14:54:54.994, 10181, 22528, 100
2026/10/02 14:54:55.996, 10181, 22528, 100
2026/10/02 14:54:56.997, 10181, 22528, 100
2026/10/02 14:54:57.998, 10181, 22528, 100
2026/10/02 14:54:58.999, 10181, 22528, 100
2026/10/02 14:55:00.000, 10181, 22528, 100
2026/10/02 14:55:01.001, 7953, 22528, 100
2026/10/02 14:55:02.002, 255, 22528, 77
2026/10/02 14:55:03.003, 255, 22528, 13
2026/10/02 14:55:04.004, 2797, 22528, 0
2026/10/02 14:55:05.005, 2797, 22528, 25
2026/10/02 14:55:06.007, 2797, 22528, 100
2026/10/02 14:55:07.008, 3427, 22528, 100
2026/10/02 14:55:08.009, 3427, 22528, 100
2026/10/02 14:55:09.010, 3427, 22528, 100
2026/10/02 14:55:10.011, 3427, 22528, 100
2026/10/02 14:55:11.012, 3427, 22528, 100
2026/10/02 14:55:12.014, 3427, 22528, 100
2026/10/02 14:55:13.016, 3427, 22528, 100
2026/10/02 14:55:14.017, 3427, 22528, 100
2026/10/02 14:55:15.020, 3427, 22528, 100
2026/10/02 14:55:16.021, 3427, 22528, 100
2026/10/02 14:55:17.022, 3427, 22528, 100
2026/10/02 14:55:18.023, 3427, 22528, 100
2026/10/02 14:55:19.025, 3427, 22528, 100
2026/10/02 14:55:20.026, 3427, 22528, 100
2026/10/02 14:55:21.028, 3427, 22528, 100
2026/10/02 14:55:22.030, 3427, 22528, 100
2026/10/02 14:55:23.031, 3427, 22528, 100
2026/10/02 14:55:24.032, 3427, 22528, 100
2026/10/02 14:55:25.033, 3427, 22528, 100
2026/10/02 14:55:26.035, 3427, 22528, 100
2026/10/02 14:55:27.036, 3427, 22528, 100
2026/10/02 14:55:28.037, 3427, 22528, 100
2026/10/02 14:55:29.038, 3427, 22528, 100
2026/10/02 14:55:30.039, 3427, 22528, 100
2026/10/02 14:55:31.040, 3427, 22528, 100
2026/10/02 14:55:32.041, 3427, 22528, 100
2026/10/02 14:55:33.042, 3427, 22528, 100
2026/10/02 14:55:34.044, 3427, 22528, 100
2026/10/02 14:55:35.045, 3427, 22528, 100
2026/10/02 14:55:36.047, 3427, 22528, 100
2026/10/02 14:55:37.048, 3427, 22528, 100
2026/10/02 14:55:38.049, 3427, 22528, 100
2026/10/02 14:55:39.051, 3427, 22528, 100
2026/10/02 14:55:40.052, 3427, 22528, 100
2026/10/02 14:55:41.054, 3427, 22528, 100
2026/10/02 14:55:42.055, 3427, 22528, 100
2026/10/02 14:55:43.056, 3427, 22528, 100
2026/10/02 14:55:44.059, 3427, 22528, 100
2026/10/02 14:55:45.061, 3427, 22528, 100
2026/10/02 14:55:46.062, 3427, 22528, 100
2026/10/02 14:55:47.063, 3427, 22528, 100
2026/10/02 14:55:48.064, 3427, 22528, 100
2026/10/02 14:55:49.067, 3427, 22528, 100
2026/10/02 14:55:50.068, 3427, 22528, 100
2026/10/02 14:55:51.069, 3427, 22528, 100
2026/10/02 14:55:52.070, 239, 22528, 100
