2026/10/02 14:55:57.490, 3, 22528, 0
2026/10/02 14:55:58.495, 3, 22528, 0
2026/10/02 14:55:59.497, 3, 22528, 0
2026/10/02 14:56:00.499, 3, 22528, 0
2026/10/02 14:56:01.502, 3, 22528, 0
2026/10/02 14:56:02.504, 3, 22528, 0
2026/10/02 14:56:03.507, 199, 22528, 0
2026/10/02 14:56:04.508, 199, 22528, 1
2026/10/02 14:56:05.509, 199, 22528, 0
2026/10/02 14:56:06.510, 199, 22528, 0
2026/10/02 14:56:07.511, 199, 22528, 0
2026/10/02 14:56:08.513, 199, 22528, 0
2026/10/02 14:56:09.514, 199, 22528, 0
2026/10/02 14:56:10.515, 199, 22528, 0
2026/10/02 14:56:11.516, 199, 22528, 0
2026/10/02 14:56:12.517, 199, 22528, 0
2026/10/02 14:56:13.518, 199, 22528, 0
2026/10/02 14:56:14.558, 199, 22528, 0
2026/10/02 14:56:15.560, 199, 22528, 0
2026/10/02 14:56:16.561, 1483, 22528, 0
2026/10/02 14:56:17.562, 6025, 22528, 30
2026/10/02 14:56:18.563, 10181, 22528, 64
2026/10/02 14:56:19.564, 10181, 22528, 100
2026/10/02 14:56:20.566, 10181, 22528, 100
2026/10/02 14:56:21.567, 10181, 22528, 100
2026/10/02 14:56:22.568, 10181, 22528, 100
2026/10/02 14:56:23.569, 10181, 22528, 100
2026/10/02 14:56:24.570, 10181, 22528, 100
2026/10/02 14:56:25.572, 10181, 22528, 100
2026/10/02 14:56:26.573, 10181, 22528, 100
2026/10/02 14:56:27.574, 10181, 22528, 100
2026/10/02 14:56:28.575, 10181, 22528, 100
2026/10/02 14:56:29.576, 10181, 22528, 100
2026/10/02 14:56:30.577, 10181, 22528, 100
2026/10/02 14:56:31.578, 10181, 22528, 100
2026/10/02 14:56:32.579, 10181, 22528, 100
2026/10/02 14:56:33.580, 10181, 22528, 100
2026/10/02 14:56:34.581, 10181, 22528, 100
2026/10/02 14:56:35.584, 10181, 22528, 97
2026/10/02 14:56:36.585, 10181, 22528, 100
2026/10/02 14:56:37.587, 10181, 22528, 100
2026/10/02 14:56:38.588, 10181, 22528, 100
2026/10/02 14:56:39.589, 10181, 22528, 100
2026/10/02 14:56:40.590, 10181, 22528, 100
2026/10/02 14:56:41.591, 10181, 22528, 100
2026/10/02 14:56:42.593, 10181, 22528, 100
2026/10/02 14:56:43.594, 10181, 22528, 100
2026/10/02 14:56:44.596, 10181, 22528, 100
2026/10/02 14:56:45.597, 10181, 22528, 100
2026/10/02 14:56:46.598, 10181, 22528, 100
2026/10/02 14:56:47.599, 10181, 22528, 100
2026/10/02 14:56:48.600, 10181, 22528, 100
2026/10/02 14:56:49.603, 10181, 22528, 100
2026/10/02 14:56:50.604, 10181, 22528, 100
2026/10/02 14:56:51.605, 10181, 22528, 100
2026/10/02 14:56:52.606, 10181, 22528, 100
2026/10/02 14:56:53.615, 10181, 22528, 100
2026/10/02 14:56:54.616, 10181, 22528, 100
2026/10/02 14:56:55.617, 10181, 22528, 100
2026/10/02 14:56:56.619, 10181, 22528, 100
2026/10/02 14:56:57.620, 10181, 22528, 100
2026/10/02 14:56:58.621, 10181, 22528, 100
2026/10/02 14:56:59.623, 10181, 22528, 100
2026/10/02 14:57:00.624, 10181, 22528, 100
2026/10/02 14:57:01.626, 10181, 22528, 100
2026/10/02 14:57:02.627, 10181, 22528, 100
2026/10/02 14:57:03.628, 10181, 22528, 100
2026/10/02 14:57:04.630, 10181, 22528, 100
2026/10/02 14:57:05.631, 10181, 22528, 100
2026/10/02 14:57:06.632, 10181, 22528, 100
2026/10/02 14:57:07.633, 10181, 22528, 100
2026/10/02 14:57:08.634, 10181, 22528, 100
2026/10/02 14:57:09.635, 10181, 22528, 100
2026/10/02 14:57:10.637, 10181, 22528, 100
2026/10/02 14:57:11.638, 10181, 22528, 100
2026/10/02 14:57:12.639, 10181, 22528, 100
2026/10/02 14:57:13.640, 10181, 22528, 100
2026/10/02 14:57:14.642, 10181, 22528, 100
2026/10/02 14:57:15.643, 10181, 22528, 100
2026/10/02 14:57:16.644, 10181, 22528, 100
2026/10/02 14:57:17.645, 10181, 22528, 100
2026/10/02 14:57:18.647, 10181, 22528, 100
2026/10/02 14:57:19.648, 10181, 22528, 100
2026/10/02 14:57:20.649, 10181, 22528, 100
2026/10/02 14:57:21.650, 10181, 22528, 100
2026/10/02 14:57:22.652, 10181, 22528, 100
2026/10/02 14:57:23.653, 10181, 22528, 100
2026/10/02 14:57:24.655, 10181, 22528, 100
2026/10/02 14:57:25.656, 10181, 22528, 100
2026/10/02 14:57:26.657, 10181, 22528, 100
2026/10/02 14:57:27.659, 10181, 22528, 100
2026/10/02 14:57:28.660, 10181, 22528, 100
2026/10/02 14:57:29.661, 10181, 22528, 100
2026/10/02 14:57:30.662, 10181, 22528, 100
2026/10/02 14:57:31.664, 10181, 22528, 100
2026/10/02 14:57:32.665, 10181, 22528, 100
2026/10/02 14:57:33.666, 10181, 22528, 100
2026/10/02 14:57:34.668, 10181, 22528, 100
2026/10/02 14:57:35.669, 10181, 22528, 100
2026/10/02 14:57:36.670, 10181, 22528, 100
2026/10/02 14:57:37.671, 10181, 22528, 100
2026/10/02 14:57:38.672, 10181, 22528, 100
2026/10/02 14:57:39.674, 10181, 22528, 100
2026/10/02 14:57:40.675, 10181, 22528, 100
2026/10/02 14:57:41.676, 10181, 22528, 100
2026/10/02 14:57:42.678, 10181, 22528, 100
2026/10/02 14:57:43.679, 10181, 22528, 100
2026/10/02 14:57:44.680, 10181, 22528, 100
2026/10/02 14:57:45.682, 10181, 22528, 100
2026/10/02 14:57:46.683, 10181, 22528, 100
2026/10/02 14:57:47.684, 10181, 22528, 100
2026/10/02 14:57:48.685, 10181, 22528, 100
2026/10/02 14:57:49.686, 10181, 22528, 100
2026/10/02 14:57:50.687, 10181, 22528, 100
2026/10/02 14:57:51.688, 10181, 22528, 100
2026/10/02 14:57:52.689, 10181, 22528, 100
2026/10/02 14:57:53.690, 10181, 22528, 100
2026/10/02 14:57:54.691, 10181, 22528, 100
2026/10/02 14:57:55.693, 10181, 22528, 100
2026/10/02 14:57:56.694, 10181, 22528, 100
2026/10/02 14:57:57.696, 10181, 22528, 100
2026/10/02 14:57:58.697, 10181, 22528, 100
2026/10/02 14:57:59.700, 10181, 22528, 100
2026/10/02 14:58:00.701, 10181, 22528, 100
2026/10/02 14:58:01.702, 10181, 22528, 100
2026/10/02 14:58:02.703, 10181, 22528, 100
2026/10/02 14:58:03.706, 10181, 22528, 100
2026/10/02 14:58:04.707, 10181, 22528, 100
2026/10/02 14:58:05.708, 10181, 22528, 100
2026/10/02 14:58:06.709, 10181, 22528, 100
2026/10/02 14:58:07.711, 10181, 22528, 100
2026/10/02 14:58:08.712, 10181, 22528, 100
2026/10/02 14:58:09.713, 10181, 22528, 100
2026/10/02 14:58:10.714, 10181, 22528, 100
2026/10/02 14:58:11.715, 10181, 22528, 100
2026/10/02 14:58:12.718, 10181, 22528, 100
2026/10/02 14:58:13.719, 10181, 22528, 100
2026/10/02 14:58:14.720, 10181, 22528, 100
2026/10/02 14:58:15.721, 10181, 22528, 100
2026/10/02 14:58:16.723, 10181, 22528, 100
2026/10/02 14:58:17.724, 10181, 22528, 100
2026/10/02 14:58:18.725, 10181, 22528, 100
2026/10/02 14:58:19.726, 10181, 22528, 100
2026/10/02 14:58:20.727, 10181, 22528, 100
2026/10/02 14:58:21.728, 10181, 22528, 100
2026/10/02 14:58:22.729, 10181, 22528, 100
2026/10/02 14:58:23.732, 10181, 22528, 100
2026/10/02 14:58:24.733, 10181, 22528, 100
2026/10/02 14:58:25.734, 10181, 22528, 100
2026/10/02 14:58:26.736, 10181, 22528, 100
2026/10/02 14:58:27.737, 10181, 22528, 100
2026/10/02 14:58:28.738, 10181, 22528, 100
2026/10/02 14:58:29.739, 10181, 22528, 100
2026/10/02 14:58:30.740, 10181, 22528, 100
2026/10/02 14:58:31.742, 10181, 22528, 100
2026/10/02 14:58:32.743, 10181, 22528, 100
2026/10/02 14:58:33.745, 10181, 22528, 100
2026/10/02 14:58:34.746, 10181, 22528, 100
2026/10/02 14:58:35.747, 10181, 22528, 100
2026/10/02 14:58:36.748, 10181, 22528, 100
2026/10/02 14:58:37.749, 10181, 22528, 100
2026/10/02 14:58:38.750, 10181, 22528, 100
2026/10/02 14:58:39.751, 10181, 22528, 100
2026/10/02 14:58:40.752, 10181, 22528, 100
2026/10/02 14:58:41.753, 10181, 22528, 100
2026/10/02 14:58:42.754, 10181, 22528, 100
2026/10/02 14:58:43.755, 10181, 22528, 100
2026/10/02 14:58:44.757, 10181, 22528, 100
2026/10/02 14:58:45.758, 10181, 22528, 100
2026/10/02 14:58:46.760, 10181, 22528, 100
2026/10/02 14:58:47.761, 10181, 22528, 100
2026/10/02 14:58:48.762, 10181, 22528, 100
2026/10/02 14:58:49.764, 10181, 22528, 100
2026/10/02 14:58:50.765, 10181, 22528, 100
2026/10/02 14:58:51.766, 10181, 22528, 100
2026/10/02 14:58:52.767, 10181, 22528, 100
2026/10/02 14:58:53.768, 10181, 22528, 100
2026/10/02 14:58:54.769, 10181, 22528, 100
2026/10/02 14:58:55.770, 10181, 22528, 100
2026/10/02 14:58:56.771, 10181, 22528, 100
2026/10/02 14:58:57.773, 10181, 22528, 100
2026/10/02 14:58:58.774, 10181, 22528, 100
2026/10/02 14:58:59.775, 10181, 22528, 100
2026/10/02 14:59:00.776, 10181, 22528, 100
2026/10/02 14:59:01.779, 10181, 22528, 100
2026/10/02 14:59:02.780, 10181, 22528, 100
2026/10/02 14:59:03.781, 10181, 22528, 100
2026/10/02 14:59:04.783, 10181, 22528, 100
2026/10/02 14:59:05.784, 10181, 22528, 100
2026/10/02 14:59:06.785, 10181, 22528, 100
2026/10/02 14:59:07.786, 10181, 22528, 100
2026/10/02 14:59:08.787, 10181, 22528, 100
2026/10/02 14:59:09.788, 10181, 22528, 100
2026/10/02 14:59:10.790, 10181, 22528, 100
2026/10/02 14:59:11.791, 10181, 22528, 100
2026/10/02 14:59:12.792, 10181, 22528, 100
2026/10/02 14:59:13.793, 255, 22528, 100
2026/10/02 14:59:14.794, 255, 22528, 47
2026/10/02 14:59:15.795, 811, 22528, 0
2026/10/02 14:59:16.796, 2797, 22528, 6
2026/10/02 14:59:17.797, 2797, 22528, 56
2026/10/02 14:59:18.799, 2797, 22528, 100
2026/10/02 14:59:19.800, 3427, 22528, 100
2026/10/02 14:59:20.801, 3427, 22528, 100
2026/10/02 14:59:21.802, 3427, 22528, 100
2026/10/02 14:59:22.803, 3427, 22528, 100
2026/10/02 14:59:23.805, 3427, 22528, 100
2026/10/02 14:59:24.806, 3427, 22528, 100
2026/10/02 14:59:25.807, 3427, 22528, 100
2026/10/02 14:59:26.809, 3427, 22528, 100
2026/10/02 14:59:27.810, 3427, 22528, 100
2026/10/02 14:59:28.811, 3427, 22528, 100
2026/10/02 14:59:29.812, 3427, 22528, 100
2026/10/02 14:59:30.813, 3427, 22528, 100
2026/10/02 14:59:31.814, 3427, 22528, 100
2026/10/02 14:59:32.816, 3427, 22528, 100
2026/10/02 14:59:33.817, 3427, 22528, 100
2026/10/02 14:59:34.819, 3427, 22528, 100
2026/10/02 14:59:35.821, 3427, 22528, 100
2026/10/02 14:59:36.822, 3427, 22528, 100
2026/10/02 14:59:37.824, 3427, 22528, 100
2026/10/02 14:59:38.825, 3427, 22528, 100
2026/10/02 14:59:39.826, 3427, 22528, 100
2026/10/02 14:59:40.828, 3427, 22528, 100
2026/10/02 14:59:41.829, 3427, 22528, 100
2026/10/02 14:59:42.830, 3427, 22528, 100
2026/10/02 14:59:43.832, 3427, 22528, 100
2026/10/02 14:59:44.834, 3427, 22528, 100
2026/10/02 14:59:45.835, 3427, 22528, 100
2026/10/02 14:59:46.836, 3427, 22528, 100
2026/10/02 14:59:47.837, 3427, 22528, 100
2026/10/02 14:59:48.838, 3427, 22528, 100
2026/10/02 14:59:49.839, 3427, 22528, 100
2026/10/02 14:59:50.841, 3427, 22528, 100
2026/10/02 14:59:51.842, 3427, 22528, 100
2026/10/02 14:59:52.843, 3427, 22528, 100
2026/10/02 14:59:53.844, 3427, 22528, 100
2026/10/02 14:59:54.845, 3427, 22528, 100
2026/10/02 14:59:55.846, 3427, 22528, 100
2026/10/02 14:59:56.847, 3427, 22528, 100
2026/10/02 14:59:57.849, 3427, 22528, 100
2026/10/02 14:59:58.850, 3427, 22528, 100
2026/10/02 14:59:59.852, 3427, 22528, 100
2026/10/02 15:00:00.853, 3427, 22528, 100
2026/10/02 15:00:01.854, 3427, 22528, 100
2026/10/02 15:00:02.855, 3427, 22528, 100
2026/10/02 15:00:03.857, 3427, 22528, 100
2026/10/02 15:00:04.858, 239, 22528, 89
