index, uuid, timestamp, memory.used [MiB], utilization.gpu [%]
0, GPU-4910bb04-2d00-ca81-f64a-2031568758ad, 2026/10/02 09:01:02.123, 0, 0
0, GPU-4910bb04-2d00-ca81-f64a-2031568758ad, 2026/10/02 09:01:03.128, 0, 0
0, GPU-4910bb04-2d00-ca81-f64a-2031568758ad, 2026/10/02 09:01:04.130, 0, 0
0, GPU-4910bb04-2d00-ca81-f64a-2031568758ad, 2026/10/02 09:01:05.132, 0, 0
0, GPU-4910bb04-2d00-ca81-f64a-2031568758ad, 2026/10/02 09:01:06.135, 0, 0
0, GPU-4910bb04-2d00-ca81-f64a-2031568758ad, 2026/10/02 09:01:07.139, 3, 0
0, GPU-4910bb04-2d00-ca81-f64a-2031568758ad, 2026/10/02 09:01:08.142, 3, 0
0, GPU-4910bb04-2d00-ca81-f64a-2031568758ad, 2026/10/02 09:01:09.144, 159, 0
0, GPU-4910bb04-2d00-ca81-f64a-2031568758ad, 2026/10/02 09:01:10.146, 1245, 2
0, GPU-4910bb04-2d00-ca81-f64a-2031568758ad, 2026/10/02 09:01:11.147, 5075, 37
0, GPU-4910bb04-2d00-ca81-f64a-2031568758ad, 2026/10/02 09:01:12.148, 8425, 32
0, GPU-4910bb04-2d00-ca81-f64a-2031568758ad, 2026/10/02 09:01:13.149, 10327, 21
0, GPU-4910bb04-2d00-ca81-f64a-2031568758ad, 2026/10/02 09:01:14.151, 10331, 95
0, GPU-4910bb04-2d00-ca81-f64a-2031568758ad, 2026/10/02 09:01:15.152, 10333, 96
0, GPU-4910bb04-2d00-ca81-f64a-2031568758ad, 2026/10/02 09:01:16.153, 10335, 97
0, GPU-4910bb04-2d00-ca81-f64a-2031568758ad, 2026/10/02 09:01:17.154, 10335, 100
0, GPU-4910bb04-2d00-ca81-f64a-2031568758ad, 2026/10/02 09:01:18.156, 10347, 97
0, GPU-4910bb04-2d00-ca81-f64a-2031568758ad, 2026/10/02 09:01:19.157, 10347, 99
0, GPU-4910bb04-2d00-ca81-f64a-2031568758ad, 2026/10/02 09:01:20.159, 10347, 100
0, GPU-4910bb04-2d00-ca81-f64a-2031568758ad, 2026/10/02 09:01:21.160, 10347, 99
0, GPU-4910bb04-2d00-ca81-f64a-2031568758ad, 2026/10/02 09:01:22.161, 10347, 99
0, GPU-4910bb04-2d00-ca81-f64a-2031568758ad, 2026/10/02 09:01:23.163, 10347, 99
0, GPU-4910bb04-2d00-ca81-f64a-2031568758ad, 2026/10/02 09:01:24.165, 10347, 100
0, GPU-4910bb04-2d00-ca81-f64a-2031568758ad, 2026/10/02 09:01:25.166, 10347, 99
0, GPU-4910bb04-2d00-ca81-f64a-2031568758ad, 2026/10/02 09:01:26.167, 10347, 99
0, GPU-4910bb04-2d00-ca81-f64a-2031568758ad, 2026/10/02 09:01:27.169, 10347, 100
0, GPU-4910bb04-2d00-ca81-f64a-2031568758ad, 2026/10/02 09:01:28.170, 10347, 99
0, GPU-4910bb04-2d00-ca81-f64a-2031568758ad, 2026/10/02 09:01:29.172, 10347, 99
0, GPU-4910bb04-2d00-ca81-f64a-2031568758ad, 2026/10/02 09:01:30.173, 10347, 99
0, GPU-4910bb04-2d00-ca81-f64a-2031568758ad, 2026/10/02 09:01:31.174, 10347, 100
0, GPU-4910bb04-2d00-ca81-f64a-2031568758ad, 2026/10/02 09:01:32.175, 10347, 99
0, GPU-4910bb04-2d00-ca81-f64a-2031568758ad, 2026/10/02 09:01:33.176, 10347, 99
0, GPU-4910bb04-2d00-ca81-f64a-2031568758ad, 2026/10/02 09:01:34.177, 10347, 100
0, GPU-4910bb04-2d00-ca81-f64a-2031568758ad, 2026/10/02 09:01:35.179, 10347, 99
0, GPU-4910bb04-2d00-ca81-f64a-2031568758ad, 2026/10/02 09:01:36.180, 10347, 99
0, GPU-4910bb04-2d00-ca81-f64a-2031568758ad, 2026/10/02 09:01:37.182, 10347, 100
0, GPU-4910bb04-2d00-ca81-f64a-2031568758ad, 2026/10/02 09:01:38.183, 10347, 99
0, GPU-4910bb04-2d00-ca81-f64a-2031568758ad, 2026/10/02 09:01:39.185, 10347, 99
0, GPU-4910bb04-2d00-ca81-f64a-2031568758ad, 2026/10/02 09:01:40.187, 10347, 99
0, GPU-4910bb04-2d00-ca81-f64a-2031568758ad, 2026/10/02 09:01:41.188, 10347, 100
0, GPU-4910bb04-2d00-ca81-f64a-2031568758ad, 2026/10/02 09:01:42.189, 10347, 99
0, GPU-4910bb04-2d00-ca81-f64a-2031568758ad, 2026/10/02 09:01:43.192, 10347, 99
0, GPU-4910bb04-2d00-ca81-f64a-2031568758ad, 2026/10/02 09:01:44.193, 10347, 100
0, GPU-4910bb04-2d00-ca81-f64a-2031568758ad, 2026/10/02 09:01:45.194, 10347, 99
0, GPU-4910bb04-2d00-ca81-f64a-2031568758ad, 2026/10/02 09:01:46.196, 10347, 99
0, GPU-4910bb04-2d00-ca81-f64a-2031568758ad, 2026/10/02 09:01:47.197, 10347, 100
0, GPU-4910bb04-2d00-ca81-f64a-2031568758ad, 2026/10/02 09:01:48.198, 10347, 99
0, GPU-4910bb04-2d00-ca81-f64a-2031568758ad, 2026/10/02 09:01:49.199, 10347, 99
0, GPU-4910bb04-2d00-ca81-f64a-2031568758ad, 2026/10/02 09:01:50.201, 10347, 99
0, GPU-4910bb04-2d00-ca81-f64a-2031568758ad, 2026/10/02 09:01:51.202, 10347, 99
0, GPU-4910bb04-2d00-ca81-f64a-2031568758ad, 2026/10/02 09:01:52.203, 10347, 100
0, GPU-4910bb04-2d00-ca81-f64a-2031568758ad, 2026/10/02 09:01:53.204, 10347, 99
0, GPU-4910bb04-2d00-ca81-f64a-2031568758ad, 2026/10/02 09:01:54.205, 10347, 99
0, GPU-4910bb04-2d00-ca81-f64a-2031568758ad, 2026/10/02 09:01:55.206, 10347, 100
0, GPU-4910bb04-2d00-ca81-f64a-2031568758ad, 2026/10/02 09:01:56.208, 10347, 99
0, GPU-4910bb04-2d00-ca81-f64a-2031568758ad, 2026/10/02 09:01:57.209, 10347, 99
0, GPU-4910bb04-2d00-ca81-f64a-2031568758ad, 2026/10/02 09:01:58.211, 10347, 100
0, GPU-4910bb04-2d00-ca81-f64a-2031568758ad, 2026/10/02 09:01:59.212, 10347, 99
0, GPU-4910bb04-2d00-ca81-f64a-2031568758ad, 2026/10/02 09:02:00.213, 10347, 99
0, GPU-4910bb04-2d00-ca81-f64a-2031568758ad, 2026/10/02 09:02:01.215, 10347, 99
0, GPU-4910bb04-2d00-ca81-f64a-2031568758ad, 2026/10/02 09:02:02.218, 10347, 100
0, GPU-4910bb04-2d00-ca81-f64a-2031568758ad, 2026/10/02 09:02:03.219, 10347, 99
0, GPU-4910bb04-2d00-ca81-f64a-2031568758ad, 2026/10/02 09:02:04.220, 10347, 99
0, GPU-4910bb04-2d00-ca81-f64a-2031568758ad, 2026/10/02 09:02:05.221, 10347, 100
0, GPU-4910bb04-2d00-ca81-f64a-2031568758ad, 2026/10/02 09:02:06.222, 10347, 99
0, GPU-4910bb04-2d00-ca81-f64a-2031568758ad, 2026/10/02 09:02:07.223, 10347, 99
0, GPU-4910bb04-2d00-ca81-f64a-2031568758ad, 2026/10/02 09:02:08.224, 10347, 100
0, GPU-4910bb04-2d00-ca81-f64a-2031568758ad, 2026/10/02 09:02:09.226, 10347, 99
0, GPU-4910bb04-2d00-ca81-f64a-2031568758ad, 2026/10/02 09:02:10.227, 10347, 99
0, GPU-4910bb04-2d00-ca81-f64a-2031568758ad, 2026/10/02 09:02:11.228, 10347, 99
0, GPU-4910bb04-2d00-ca81-f64a-2031568758ad, 2026/10/02 09:02:12.229, 10347, 100
0, GPU-4910bb04-2d00-ca81-f64a-2031568758ad, 2026/10/02 09:02:13.231, 10347, 99
0, GPU-4910bb04-2d00-ca81-f64a-2031568758ad, 2026/10/02 09:02:14.232, 10347, 99
0, GPU-4910bb04-2d00-ca81-f64a-2031568758ad, 2026/10/02 09:02:15.234, 10347, 100
0, GPU-4910bb04-2d00-ca81-f64a-2031568758ad, 2026/10/02 09:02:16.235, 10347, 99
0, GPU-4910bb04-2d00-ca81-f64a-2031568758ad, 2026/10/02 09:02:17.237, 10347, 99
0, GPU-4910bb04-2d00-ca81-f64a-2031568758ad, 2026/10/02 09:02:18.238, 10347, 100
0, GPU-4910bb04-2d00-ca81-f64a-2031568758ad, 2026/10/02 09:02:19.239, 10347, 99
0, GPU-4910bb04-2d00-ca81-f64a-2031568758ad, 2026/10/02 09:02:20.240, 10347, 99
0, GPU-4910bb04-2d00-ca81-f64a-2031568758ad, 2026/10/02 09:02:21.241, 10347, 100
0, GPU-4910bb04-2d00-ca81-f64a-2031568758ad, 2026/10/02 09:02:22.242, 10347, 99
0, GPU-4910bb04-2d00-ca81-f64a-2031568758ad, 2026/10/02 09:02:23.244, 10347, 99
0, GPU-4910bb04-2d00-ca81-f64a-2031568758ad, 2026/10/02 09:02:24.245, 10347, 99
0, GPU-4910bb04-2d00-ca81-f64a-2031568758ad, 2026/10/02 09:02:25.246, 10347, 100
0, GPU-4910bb04-2d00-ca81-f64a-2031568758ad, 2026/10/02 09:02:26.247, 10347, 42
0, GPU-4910bb04-2d00-ca81-f64a-2031568758ad, 2026/10/02 09:02:27.248, 10347, 12
0, GPU-4910bb04-2d00-ca81-f64a-2031568758ad, 2026/10/02 09:02:28.249, 10347, 12
0, GPU-4910bb04-2d00-ca81-f64a-2031568758ad, 2026/10/02 09:02:29.251, 10347, 12
0, GPU-4910bb04-2d00-ca81-f64a-2031568758ad, 2026/10/02 09:02:30.252, 10347, 12
0, GPU-4910bb04-2d00-ca81-f64a-2031568758ad, 2026/10/02 09:02:31.253, 10347, 12
0, GPU-4910bb04-2d00-ca81-f64a-2031568758ad, 2026/10/02 09:02:32.254, 2123, 12
0, GPU-4910bb04-2d00-ca81-f64a-2031568758ad, 2026/10/02 09:02:33.255, 5055, 51
0, GPU-4910bb04-2d00-ca81-f64a-2031568758ad, 2026/10/02 09:02:34.256, 5055, 85
0, GPU-4910bb04-2d00-ca81-f64a-2031568758ad, 2026/10/02 09:02:35.258, 5055, 100
0, GPU-4910bb04-2d00-ca81-f64a-2031568758ad, 2026/10/02 09:02:36.259, 5055, 100
0, GPU-4910bb04-2d00-ca81-f64a-2031568758ad, 2026/10/02 09:02:37.260, 5055, 100
0, GPU-4910bb04-2d00-ca81-f64a-2031568758ad, 2026/10/02 09:02:38.261, 5055, 100
0, GPU-4910bb04-2d00-ca81-f64a-2031568758ad, 2026/10/02 09:02:39.263, 5055, 100
0, GPU-4910bb04-2d00-ca81-f64a-2031568758ad, 2026/10/02 09:02:40.264, 5055, 100
0, GPU-4910bb04-2d00-ca81-f64a-2031568758ad, 2026/10/02 09:02:41.266, 5055, 100
0, GPU-4910bb04-2d00-ca81-f64a-2031568758ad, 2026/10/02 09:02:42.267, 5055, 100
0, GPU-4910bb04-2d00-ca81-f64a-2031568758ad, 2026/10/02 09:02:43.268, 5055, 100
0, GPU-4910bb04-2d00-ca81-f64a-2031568758ad, 2026/10/02 09:02:44.269, 5055, 100
0, GPU-4910bb04-2d00-ca81-f64a-2031568758ad, 2026/10/02 09:02:45.270, 5055, 100
0, GPU-4910bb04-2d00-ca81-f64a-2031568758ad, 2026/10/02 09:02:46.272, 5055, 100
0, GPU-4910bb04-2d00-ca81-f64a-2031568758ad, 2026/10/02 09:02:47.273, 5055, 100
0, GPU-4910bb04-2d00-ca81-f64a-2031568758ad, 2026/10/02 09:02:48.275, 5055, 100
0, GPU-4910bb04-2d00-ca81-f64a-2031568758ad, 2026/10/02 09:02:49.276, 5055, 100
0, GPU-4910bb04-2d00-ca81-f64a-2031568758ad, 2026/10/02 09:02:50.277, 5055, 100
0, GPU-4910bb04-2d00-ca81-f64a-2031568758ad, 2026/10/02 09:02:51.278, 5055, 100
0, GPU-4910bb04-2d00-ca81-f64a-2031568758ad, 2026/10/02 09:02:52.279, 5055, 100
0, GPU-4910bb04-2d00-ca81-f64a-2031568758ad, 2026/10/02 09:02:53.280, 5055, 100
0, GPU-4910bb04-2d00-ca81-f64a-2031568758ad, 2026/10/02 09:02:54.282, 5055, 100
0, GPU-4910bb04-2d00-ca81-f64a-2031568758ad, 2026/10/02 09:02:55.284, 5055, 100
0, GPU-4910bb04-2d00-ca81-f64a-2031568758ad, 2026/10/02 09:02:56.285, 5055, 100
0, GPU-4910bb04-2d00-ca81-f64a-2031568758ad, 2026/10/02 09:02:57.286, 5055, 42
0, GPU-4910bb04-2d00-ca81-f64a-2031568758ad, 2026/10/02 09:02:58.287, 259, 12
0, GPU-4910bb04-2d00-ca81-f64a-2031568758ad, 2026/10/02 09:02:59.288, 259, 18
0, GPU-4910bb04-2d00-ca81-f64a-2031568758ad, 2026/10/02 09:03:00.289, 259, 0
0, GPU-4910bb04-2d00-ca81-f64a-2031568758ad, 2026/10/02 09:03:01.290, 259, 0
0, GPU-4910bb04-2d00-ca81-f64a-2031568758ad, 2026/10/02 09:03:02.291, 259, 0
0, GPU-4910bb04-2d00-ca81-f64a-2031568758ad, 2026/10/02 09:03:03.292, 259, 0
0, GPU-4910bb04-2d00-ca81-f64a-2031568758ad, 2026/10/02 09:03:04.293, 247, 0
