2026/10/02 19:58:30.169, 263, 22528, 83
2026/10/02 19:58:31.171, 241, 22528, 82
2026/10/02 19:58:32.172, 241, 22528, 26
2026/10/02 19:58:33.173, 241, 22528, 0
2026/10/02 19:58:34.174, 241, 22528, 0
2026/10/02 19:58:35.175, 241, 22528, 0
2026/10/02 19:58:36.176, 1215, 22528, 17
2026/10/02 19:58:37.184, 1215, 22528, 100
2026/10/02 19:58:38.185, 1231, 22528, 100
2026/10/02 19:58:39.186, 1891, 22528, 81
2026/10/02 19:58:40.187, 2335, 22528, 100
2026/10/02 19:58:41.188, 2335, 22528, 98
2026/10/02 19:58:42.189, 3435, 22528, 100
2026/10/02 19:58:43.191, 3703, 22528, 100
2026/10/02 19:58:44.192, 3703, 22528, 100
2026/10/02 19:58:45.193, 3703, 22528, 100
2026/10/02 19:58:46.195, 3553, 22528, 100
2026/10/02 19:58:47.196, 3553, 22528, 15
2026/10/02 19:58:48.197, 3553, 22528, 0
2026/10/02 19:58:49.198, 1649, 22528, 0
2026/10/02 19:58:50.199, 1649, 22528, 91
2026/10/02 19:58:51.200, 1661, 22528, 100
2026/10/02 19:58:52.201, 1977, 22528, 100
2026/10/02 19:58:53.203, 3211, 22528, 100
2026/10/02 19:58:54.204, 4027, 22528, 100
2026/10/02 19:58:55.205, 4335, 22528, 100
2026/10/02 19:58:56.206, 3667, 22528, 100
2026/10/02 19:58:57.208, 4891, 22528, 100
2026/10/02 19:58:58.209, 4891, 22528, 100
2026/10/02 19:58:59.211, 5063, 22528, 100
2026/10/02 19:59:00.212, 5063, 22528, 100
2026/10/02 19:59:01.213, 5223, 22528, 100
2026/10/02 19:59:02.214, 5447, 22528, 100
2026/10/02 19:59:03.216, 5731, 22528, 100
2026/10/02 19:59:04.217, 5703, 22528, 100
2026/10/02 19:59:05.219, 5703, 22528, 100
2026/10/02 19:59:06.220, 6567, 22528, 100
2026/10/02 19:59:07.221, 4891, 22528, 100
2026/10/02 19:59:08.222, 5535, 22528, 100
2026/10/02 19:59:09.224, 5535, 22528, 100
2026/10/02 19:59:10.225, 5535, 22528, 100
2026/10/02 19:59:11.226, 5535, 22528, 100
2026/10/02 19:59:12.227, 5855, 22528, 100
2026/10/02 19:59:13.228, 5855, 22528, 100
2026/10/02 19:59:14.230, 6215, 22528, 100
2026/10/02 19:59:15.251, 6561, 22528, 100
2026/10/02 19:59:16.252, 6561, 22528, 100
2026/10/02 19:59:17.253, 6561, 22528, 100
2026/10/02 19:59:18.256, 7887, 22528, 100
2026/10/02 19:59:19.257, 6171, 22528, 100
2026/10/02 19:59:20.258, 6171, 22528, 100
2026/10/02 19:59:21.259, 6171, 22528, 100
2026/10/02 19:59:22.260, 6171, 22528, 100
2026/10/02 19:59:23.261, 6183, 22528, 100
2026/10/02 19:59:24.264, 6499, 22528, 100
2026/10/02 19:59:25.265, 6499, 22528, 100
2026/10/02 19:59:26.266, 6621, 22528, 100
2026/10/02 19:59:27.268, 6957, 22528, 100
2026/10/02 19:59:28.269, 6957, 22528, 100
