2026/10/02 14:40:59.241, 3, 22528, 0
2026/10/02 14:41:00.246, 3, 22528, 0
2026/10/02 14:41:01.248, 3, 22528, 0
2026/10/02 14:41:02.251, 3, 22528, 0
2026/10/02 14:41:03.253, 3, 22528, 0
2026/10/02 14:41:04.255, 3, 22528, 0
2026/10/02 14:41:05.257, 251, 22528, 0
2026/10/02 14:41:06.259, 251, 22528, 1
2026/10/02 14:41:07.260, 251, 22528, 0
2026/10/02 14:41:08.261, 251, 22528, 0
2026/10/02 14:41:09.262, 251, 22528, 0
2026/10/02 14:41:10.263, 251, 22528, 0
2026/10/02 14:41:11.264, 251, 22528, 0
2026/10/02 14:41:12.265, 251, 22528, 0
2026/10/02 14:41:13.266, 251, 22528, 0
2026/10/02 14:41:14.267, 251, 22528, 0
2026/10/02 14:41:15.268, 251, 22528, 0
2026/10/02 14:41:16.270, 251, 22528, 0
2026/10/02 14:41:17.271, 251, 22528, 0
2026/10/02 14:41:18.273, 543, 22528, 0
2026/10/02 14:41:19.274, 2867, 22528, 10
2026/10/02 14:41:20.275, 5287, 22528, 24
2026/10/02 14:41:21.276, 10209, 22528, 16
2026/10/02 14:41:22.280, 10209, 22528, 86
2026/10/02 14:41:23.281, 10209, 22528, 100
2026/10/02 14:41:24.284, 10209, 22528, 100
2026/10/02 14:41:25.286, 10209, 22528, 100
2026/10/02 14:41:26.287, 10209, 22528, 100
2026/10/02 14:41:27.288, 10209, 22528, 100
2026/10/02 14:41:28.291, 10209, 22528, 100
2026/10/02 14:41:29.292, 10209, 22528, 100
2026/10/02 14:41:30.294, 10209, 22528, 100
2026/10/02 14:41:31.295, 10209, 22528, 100
2026/10/02 14:41:32.297, 10209, 22528, 100
2026/10/02 14:41:33.298, 10209, 22528, 100
2026/10/02 14:41:34.300, 10209, 22528, 100
2026/10/02 14:41:35.301, 10209, 22528, 100
2026/10/02 14:41:36.302, 10209, 22528, 100
2026/10/02 14:41:37.303, 10209, 22528, 100
2026/10/02 14:41:38.305, 10209, 22528, 99
2026/10/02 14:41:39.306, 10209, 22528, 97
2026/10/02 14:41:40.307, 10209, 22528, 100
2026/10/02 14:41:41.309, 10209, 22528, 100
2026/10/02 14:41:42.310, 10209, 22528, 100
2026/10/02 14:41:43.312, 10209, 22528, 100
2026/10/02 14:41:44.313, 10209, 22528, 100
2026/10/02 14:41:45.314, 10209, 22528, 100
2026/10/02 14:41:46.315, 10209, 22528, 100
2026/10/02 14:41:47.316, 10209, 22528, 100
2026/10/02 14:41:48.317, 10209, 22528, 100
2026/10/02 14:41:49.318, 10209, 22528, 100
2026/10/02 14:41:50.322, 10209, 22528, 100
2026/10/02 14:41:51.323, 10209, 22528, 100
2026/10/02 14:41:52.324, 10209, 22528, 100
2026/10/02 14:41:53.325, 10209, 22528, 100
2026/10/02 14:41:54.326, 10209, 22528, 100
2026/10/02 14:41:55.328, 10209, 22528, 100
2026/10/02 14:41:56.329, 10209, 22528, 95
2026/10/02 14:41:57.331, 10209, 22528, 100
2026/10/02 14:41:58.332, 10209, 22528, 100
2026/10/02 14:41:59.333, 10209, 22528, 100
2026/10/02 14:42:00.334, 10209, 22528, 100
2026/10/02 14:42:01.335, 10209, 22528, 100
2026/10/02 14:42:02.336, 10209, 22528, 100
2026/10/02 14:42:03.337, 10209, 22528, 100
2026/10/02 14:42:04.339, 10209, 22528, 100
2026/10/02 14:42:05.340, 10209, 22528, 100
2026/10/02 14:42:06.341, 10209, 22528, 100
2026/10/02 14:42:07.343, 10209, 22528, 100
2026/10/02 14:42:08.344, 10209, 22528, 100
2026/10/02 14:42:09.345, 10209, 22528, 100
2026/10/02 14:42:10.346, 10209, 22528, 100
2026/10/02 14:42:11.347, 10209, 22528, 100
2026/10/02 14:42:12.348, 10209, 22528, 100
2026/10/02 14:42:13.350, 10209, 22528, 100
2026/10/02 14:42:14.351, 10209, 22528, 100
2026/10/02 14:42:15.353, 10209, 22528, 100
2026/10/02 14:42:16.354, 10209, 22528, 100
2026/10/02 14:42:17.356, 10209, 22528, 100
2026/10/02 14:42:18.357, 10209, 22528, 100
2026/10/02 14:42:19.358, 10209, 22528, 100
2026/10/02 14:42:20.359, 10209, 22528, 100
2026/10/02 14:42:21.360, 10209, 22528, 100
2026/10/02 14:42:22.361, 10209, 22528, 100
2026/10/02 14:42:23.363, 10209, 22528, 100
2026/10/02 14:42:24.364, 10209, 22528, 100
2026/10/02 14:42:25.365, 10209, 22528, 100
2026/10/02 14:42:26.367, 10209, 22528, 100
2026/10/02 14:42:27.368, 10209, 22528, 100
2026/10/02 14:42:28.370, 10209, 22528, 100
2026/10/02 14:42:29.371, 10209, 22528, 100
2026/10/02 14:42:30.372, 10209, 22528, 100
2026/10/02 14:42:31.373, 10209, 22528, 100
2026/10/02 14:42:32.375, 10209, 22528, 100
2026/10/02 14:42:33.376, 10209, 22528, 100
2026/10/02 14:42:34.379, 10209, 22528, 100
2026/10/02 14:42:35.380, 10209, 22528, 100
2026/10/02 14:42:36.381, 10209, 22528, 100
2026/10/02 14:42:37.382, 10209, 22528, 100
2026/10/02 14:42:38.383, 10209, 22528, 100
2026/10/02 14:42:39.385, 10209, 22528, 100
2026/10/02 14:42:40.386, 10209, 22528, 100
2026/10/02 14:42:41.388, 10209, 22528, 100
2026/10/02 14:42:42.389, 10209, 22528, 100
2026/10/02 14:42:43.390, 10209, 22528, 100
2026/10/02 14:42:44.392, 10209, 22528, 100
2026/10/02 14:42:45.393, 10209, 22528, 100
2026/10/02 14:42:46.395, 10209, 22528, 100
2026/10/02 14:42:47.396, 10209, 22528, 100
2026/10/02 14:42:48.397, 10209, 22528, 100
2026/10/02 14:42:49.398, 10209, 22528, 100
2026/10/02 14:42:50.400, 10209, 22528, 100
2026/10/02 14:42:51.401, 10209, 22528, 100
2026/10/02 14:42:52.403, 10209, 22528, 100
2026/10/02 14:42:53.404, 10209, 22528, 100
2026/10/02 14:42:54.405, 10209, 22528, 100
2026/10/02 14:42:55.406, 10209, 22528, 100
2026/10/02 14:42:56.407, 10209, 22528, 100
2026/10/02 14:42:57.408, 10209, 22528, 100
2026/10/02 14:42:58.409, 10209, 22528, 100
2026/10/02 14:42:59.410, 10209, 22528, 100
2026/10/02 14:43:00.411, 10209, 22528, 100
2026/10/02 14:43:01.413, 10209, 22528, 100
2026/10/02 14:43:02.415, 10209, 22528, 100
2026/10/02 14:43:03.416, 10209, 22528, 100
2026/10/02 14:43:04.417, 10209, 22528, 100
2026/10/02 14:43:05.418, 10209, 22528, 100
2026/10/02 14:43:06.420, 10209, 22528, 100
2026/10/02 14:43:07.421, 10209, 22528, 100
2026/10/02 14:43:08.423, 10209, 22528, 100
2026/10/02 14:43:09.424, 10209, 22528, 100
2026/10/02 14:43:10.426, 10209, 22528, 100
2026/10/02 14:43:11.428, 10209, 22528, 100
2026/10/02 14:43:12.429, 10209, 22528, 100
2026/10/02 14:43:13.430, 10209, 22528, 100
2026/10/02 14:43:14.431, 10209, 22528, 100
2026/10/02 14:43:15.433, 10209, 22528, 100
2026/10/02 14:43:16.434, 10209, 22528, 100
2026/10/02 14:43:17.436, 10209, 22528, 100
2026/10/02 14:43:18.437, 10209, 22528, 100
2026/10/02 14:43:19.440, 10209, 22528, 100
2026/10/02 14:43:20.441, 10209, 22528, 100
2026/10/02 14:43:21.442, 10209, 22528, 100
2026/10/02 14:43:22.444, 10209, 22528, 100
2026/10/02 14:43:23.445, 10209, 22528, 100
2026/10/02 14:43:24.446, 10209, 22528, 100
2026/10/02 14:43:25.448, 10209, 22528, 100
2026/10/02 14:43:26.449, 10209, 22528, 100
2026/10/02 14:43:27.451, 10209, 22528, 100
2026/10/02 14:43:28.452, 10209, 22528, 100
2026/10/02 14:43:29.453, 10209, 22528, 100
2026/10/02 14:43:30.454, 10209, 22528, 100
2026/10/02 14:43:31.456, 10209, 22528, 100
2026/10/02 14:43:32.457, 10209, 22528, 100
2026/10/02 14:43:33.458, 10209, 22528, 100
2026/10/02 14:43:34.459, 10209, 22528, 100
2026/10/02 14:43:35.461, 10209, 22528, 100
2026/10/02 14:43:36.462, 10209, 22528, 100
2026/10/02 14:43:37.463, 10209, 22528, 100
2026/10/02 14:43:38.464, 10209, 22528, 100
2026/10/02 14:43:39.465, 10209, 22528, 100
2026/10/02 14:43:40.467, 10209, 22528, 100
2026/10/02 14:43:41.468, 10209, 22528, 100
2026/10/02 14:43:42.470, 10209, 22528, 100
2026/10/02 14:43:43.471, 10209, 22528, 100
2026/10/02 14:43:44.473, 10209, 22528, 100
2026/10/02 14:43:45.474, 10209, 22528, 100
2026/10/02 14:43:46.475, 10209, 22528, 100
2026/10/02 14:43:47.476, 10209, 22528, 100
2026/10/02 14:43:48.477, 10209, 22528, 100
2026/10/02 14:43:49.478, 10209, 22528, 100
2026/10/02 14:43:50.480, 10209, 22528, 100
2026/10/02 14:43:51.481, 10209, 22528, 100
2026/10/02 14:43:52.482, 10209, 22528, 100
2026/10/02 14:43:53.484, 10209, 22528, 100
2026/10/02 14:43:54.485, 10209, 22528, 100
2026/10/02 14:43:55.486, 10209, 22528, 100
2026/10/02 14:43:56.488, 10209, 22528, 100
2026/10/02 14:43:57.489, 10209, 22528, 100
2026/10/02 14:43:58.490, 10209, 22528, 100
2026/10/02 14:43:59.491, 10209, 22528, 100
2026/10/02 14:44:00.492, 10209, 22528, 100
2026/10/02 14:44:01.494, 10209, 22528, 100
2026/10/02 14:44:02.496, 10209, 22528, 100
2026/10/02 14:44:03.497, 10209, 22528, 100
2026/10/02 14:44:04.498, 10209, 22528, 100
2026/10/02 14:44:05.499, 10209, 22528, 100
2026/10/02 14:44:06.501, 10209, 22528, 100
2026/10/02 14:44:07.502, 10209, 22528, 100
2026/10/02 14:44:08.503, 10209, 22528, 100
2026/10/02 14:44:09.504, 10209, 22528, 100
2026/10/02 14:44:10.505, 10209, 22528, 100
2026/10/02 14:44:11.507, 10209, 22528, 100
2026/10/02 14:44:12.508, 10209, 22528, 100
2026/10/02 14:44:13.509, 10209, 22528, 100
2026/10/02 14:44:14.511, 10209, 22528, 100
2026/10/02 14:44:15.512, 10209, 22528, 100
2026/10/02 14:44:16.513, 10209, 22528, 100
2026/10/02 14:44:17.514, 10209, 22528, 100
2026/10/02 14:44:18.515, 10209, 22528, 100
2026/10/02 14:44:19.516, 10209, 22528, 100
2026/10/02 14:44:20.518, 10209, 22528, 100
2026/10/02 14:44:21.520, 10209, 22528, 100
2026/10/02 14:44:22.521, 10209, 22528, 100
2026/10/02 14:44:23.522, 10209, 22528, 100
2026/10/02 14:44:24.523, 10209, 22528, 100
2026/10/02 14:44:25.524, 10209, 22528, 100
2026/10/02 14:44:26.526, 10209, 22528, 100
2026/10/02 14:44:27.527, 10209, 22528, 100
2026/10/02 14:44:28.528, 10209, 22528, 100
2026/10/02 14:44:29.530, 10209, 22528, 100
2026/10/02 14:44:30.531, 10209, 22528, 100
2026/10/02 14:44:31.532, 10209, 22528, 100
2026/10/02 14:44:32.534, 10209, 22528, 100
2026/10/02 14:44:33.535, 10209, 22528, 100
2026/10/02 14:44:34.536, 10209, 22528, 100
2026/10/02 14:44:35.537, 10209, 22528, 100
2026/10/02 14:44:36.539, 10209, 22528, 100
2026/10/02 14:44:37.540, 10209, 22528, 100
2026/10/02 14:44:38.541, 10209, 22528, 100
2026/10/02 14:44:39.542, 10209, 22528, 100
2026/10/02 14:44:40.544, 10209, 22528, 100
2026/10/02 14:44:41.545, 10209, 22528, 100
2026/10/02 14:44:42.547, 10209, 22528, 100
2026/10/02 14:44:43.548, 10209, 22528, 100
2026/10/02 14:44:44.549, 10209, 22528, 100
2026/10/02 14:44:45.552, 10209, 22528, 100
2026/10/02 14:44:46.553, 10209, 22528, 100
2026/10/02 14:44:47.554, 10209, 22528, 100
2026/10/02 14:44:48.555, 10209, 22528, 100
2026/10/02 14:44:49.556, 10209, 22528, 100
2026/10/02 14:44:50.558, 10209, 22528, 100
2026/10/02 14:44:51.559, 10209, 22528, 100
2026/10/02 14:44:52.560, 10209, 22528, 100
2026/10/02 14:44:53.562, 10209, 22528, 100
2026/10/02 14:44:54.563, 10209, 22528, 100
2026/10/02 14:44:55.564, 10209, 22528, 100
2026/10/02 14:44:56.566, 10209, 22528, 100
2026/10/02 14:44:57.566, 10209, 22528, 100
2026/10/02 14:44:58.568, 10209, 22528, 100
2026/10/02 14:44:59.569, 10209, 22528, 100
2026/10/02 14:45:00.570, 10209, 22528, 100
2026/10/02 14:45:01.572, 10209, 22528, 100
2026/10/02 14:45:02.573, 10209, 22528, 100
2026/10/02 14:45:03.575, 10209, 22528, 100
2026/10/02 14:45:04.577, 10209, 22528, 100
2026/10/02 14:45:05.579, 10209, 22528, 100
2026/10/02 14:45:06.581, 10209, 22528, 100
2026/10/02 14:45:07.582, 10209, 22528, 100
2026/10/02 14:45:08.583, 10209, 22528, 100
2026/10/02 14:45:09.585, 10209, 22528, 100
2026/10/02 14:45:10.586, 10209, 22528, 100
2026/10/02 14:45:11.587, 10209, 22528, 100
2026/10/02 14:45:12.588, 10209, 22528, 100
2026/10/02 14:45:13.590, 10209, 22528, 100
2026/10/02 14:45:14.591, 10209, 22528, 100
2026/10/02 14:45:15.592, 10209, 22528, 100
2026/10/02 14:45:16.593, 10209, 22528, 100
2026/10/02 14:45:17.595, 10209, 22528, 100
2026/10/02 14:45:18.596, 10209, 22528, 100
2026/10/02 14:45:19.597, 10209, 22528, 100
2026/10/02 14:45:20.599, 10209, 22528, 100
2026/10/02 14:45:21.600, 10209, 22528, 100
2026/10/02 14:45:22.601, 10209, 22528, 100
2026/10/02 14:45:23.602, 10209, 22528, 100
2026/10/02 14:45:24.604, 10209, 22528, 100
2026/10/02 14:45:25.605, 10209, 22528, 100
2026/10/02 14:45:26.606, 10209, 22528, 100
2026/10/02 14:45:27.607, 10209, 22528, 100
2026/10/02 14:45:28.608, 10209, 22528, 100
2026/10/02 14:45:29.609, 10209, 22528, 100
2026/10/02 14:45:30.610, 10209, 22528, 100
2026/10/02 14:45:31.612, 10209, 22528, 100
2026/10/02 14:45:32.613, 10209, 22528, 100
2026/10/02 14:45:33.614, 10209, 22528, 100
2026/10/02 14:45:34.616, 10209, 22528, 100
2026/10/02 14:45:35.617, 10209, 22528, 100
2026/10/02 14:45:36.619, 10209, 22528, 100
2026/10/02 14:45:37.621, 10209, 22528, 100
2026/10/02 14:45:38.623, 10209, 22528, 100
2026/10/02 14:45:39.624, 10209, 22528, 100
2026/10/02 14:45:40.625, 10209, 22528, 100
2026/10/02 14:45:41.626, 10209, 22528, 100
2026/10/02 14:45:42.628, 10209, 22528, 100
2026/10/02 14:45:43.629, 10209, 22528, 100
2026/10/02 14:45:44.630, 10209, 22528, 100
2026/10/02 14:45:45.632, 10209, 22528, 100
2026/10/02 14:45:46.633, 10209, 22528, 100
2026/10/02 14:45:47.634, 10209, 22528, 100
2026/10/02 14:45:48.635, 10209, 22528, 100
2026/10/02 14:45:49.636, 10209, 22528, 100
2026/10/02 14:45:50.638, 10209, 22528, 100
2026/10/02 14:45:51.639, 10209, 22528, 100
2026/10/02 14:45:52.640, 10209, 22528, 100
2026/10/02 14:45:53.641, 10209, 22528, 100
2026/10/02 14:45:54.642, 10209, 22528, 100
2026/10/02 14:45:55.644, 10209, 22528, 100
2026/10/02 14:45:56.645, 10209, 22528, 100
2026/10/02 14:45:57.646, 10209, 22528, 100
2026/10/02 14:45:58.648, 10209, 22528, 100
2026/10/02 14:45:59.649, 10209, 22528, 100
2026/10/02 14:46:00.652, 10209, 22528, 100
2026/10/02 14:46:01.653, 10209, 22528, 100
2026/10/02 14:46:02.654, 10209, 22528, 100
2026/10/02 14:46:03.655, 10209, 22528, 100
2026/10/02 14:46:04.656, 10209, 22528, 100
2026/10/02 14:46:05.657, 10209, 22528, 100
2026/10/02 14:46:06.658, 10209, 22528, 100
2026/10/02 14:46:07.660, 10209, 22528, 100
2026/10/02 14:46:08.662, 10209, 22528, 100
2026/10/02 14:46:09.665, 10209, 22528, 100
2026/10/02 14:46:10.666, 10209, 22528, 100
2026/10/02 14:46:11.668, 10209, 22528, 100
2026/10/02 14:46:12.669, 10209, 22528, 100
2026/10/02 14:46:13.671, 10209, 22528, 100
2026/10/02 14:46:14.672, 10209, 22528, 100
2026/10/02 14:46:15.673, 10209, 22528, 100
2026/10/02 14:46:16.675, 10209, 22528, 100
2026/10/02 14:46:17.676, 10209, 22528, 100
2026/10/02 14:46:18.678, 10209, 22528, 100
2026/10/02 14:46:19.679, 10209, 22528, 100
2026/10/02 14:46:20.680, 10209, 22528, 100
2026/10/02 14:46:21.681, 10209, 22528, 100
2026/10/02 14:46:22.682, 10209, 22528, 100
2026/10/02 14:46:23.683, 10209, 22528, 100
2026/10/02 14:46:24.684, 10209, 22528, 100
2026/10/02 14:46:25.686, 10209, 22528, 100
2026/10/02 14:46:26.687, 10209, 22528, 100
2026/10/02 14:46:27.688, 10209, 22528, 100
2026/10/02 14:46:28.689, 10209, 22528, 100
2026/10/02 14:46:29.691, 10209, 22528, 100
2026/10/02 14:46:30.692, 10209, 22528, 100
2026/10/02 14:46:31.695, 10209, 22528, 100
2026/10/02 14:46:32.696, 10209, 22528, 100
2026/10/02 14:46:33.697, 10209, 22528, 100
2026/10/02 14:46:34.698, 10209, 22528, 100
2026/10/02 14:46:35.699, 10209, 22528, 100
2026/10/02 14:46:36.700, 10209, 22528, 100
2026/10/02 14:46:37.702, 10209, 22528, 100
2026/10/02 14:46:38.704, 10209, 22528, 100
2026/10/02 14:46:39.705, 10209, 22528, 100
2026/10/02 14:46:40.706, 10209, 22528, 100
2026/10/02 14:46:41.707, 10209, 22528, 100
2026/10/02 14:46:42.709, 10209, 22528, 100
2026/10/02 14:46:43.712, 10209, 22528, 100
2026/10/02 14:46:44.714, 10209, 22528, 100
2026/10/02 14:46:45.715, 10209, 22528, 100
2026/10/02 14:46:46.716, 10209, 22528, 100
2026/10/02 14:46:47.717, 10209, 22528, 100
2026/10/02 14:46:48.719, 10209, 22528, 100
2026/10/02 14:46:49.720, 10209, 22528, 100
2026/10/02 14:46:50.721, 10209, 22528, 100
2026/10/02 14:46:51.722, 10209, 22528, 100
2026/10/02 14:46:52.723, 10209, 22528, 100
2026/10/02 14:46:53.724, 10209, 22528, 100
2026/10/02 14:46:54.726, 10209, 22528, 100
2026/10/02 14:46:55.727, 10209, 22528, 100
2026/10/02 14:46:56.728, 10209, 22528, 100
2026/10/02 14:46:57.730, 10209, 22528, 100
2026/10/02 14:46:58.731, 10209, 22528, 100
2026/10/02 14:46:59.732, 10209, 22528, 100
2026/10/02 14:47:00.733, 10209, 22528, 100
2026/10/02 14:47:01.734, 10209, 22528, 100
2026/10/02 14:47:02.735, 10209, 22528, 100
2026/10/02 14:47:03.737, 10209, 22528, 100
2026/10/02 14:47:04.738, 10209, 22528, 100
2026/10/02 14:47:05.739, 10209, 22528, 100
2026/10/02 14:47:06.740, 10209, 22528, 100
2026/10/02 14:47:07.741, 10209, 22528, 100
2026/10/02 14:47:08.743, 10209, 22528, 100
2026/10/02 14:47:09.744, 10209, 22528, 100
2026/10/02 14:47:10.746, 10209, 22528, 100
2026/10/02 14:47:11.747, 10209, 22528, 100
2026/10/02 14:47:12.748, 10209, 22528, 100
2026/10/02 14:47:13.749, 10209, 22528, 100
2026/10/02 14:47:14.751, 10209, 22528, 100
2026/10/02 14:47:15.752, 10209, 22528, 100
2026/10/02 14:47:16.753, 10209, 22528, 100
2026/10/02 14:47:17.754, 10209, 22528, 100
2026/10/02 14:47:18.755, 10209, 22528, 100
2026/10/02 14:47:19.756, 10209, 22528, 100
2026/10/02 14:47:20.757, 10209, 22528, 100
2026/10/02 14:47:21.758, 10209, 22528, 100
2026/10/02 14:47:22.759, 10209, 22528, 100
2026/10/02 14:47:23.761, 10209, 22528, 100
2026/10/02 14:47:24.762, 10209, 22528, 100
2026/10/02 14:47:25.763, 10209, 22528, 100
2026/10/02 14:47:26.765, 10209, 22528, 100
2026/10/02 14:47:27.766, 10209, 22528, 100
2026/10/02 14:47:28.767, 10209, 22528, 100
2026/10/02 14:47:29.769, 10209, 22528, 100
2026/10/02 14:47:30.770, 289, 22528, 48
