2026/10/02 19:58:23.529, 397, 22528, 0
2026/10/02 19:58:24.531, 397, 22528, 0
2026/10/02 19:58:25.532, 397, 22528, 0
2026/10/02 19:58:26.533, 397, 22528, 0
2026/10/02 19:58:27.535, 185, 22528, 1
2026/10/02 19:58:28.536, 263, 22528, 0
2026/10/02 19:58:29.537, 263, 22528, 51
2026/10/02 19:58:30.538, 263, 22528, 83
2026/10/02 19:58:31.539, 241, 22528, 82
2026/10/02 19:58:32.540, 241, 22528, 26
2026/10/02 19:58:33.541, 241, 22528, 0
2026/10/02 19:58:34.542, 241, 22528, 0
2026/10/02 19:58:35.543, 697, 22528, 0
2026/10/02 19:58:36.544, 1215, 22528, 17
2026/10/02 19:58:37.545, 1215, 22528, 100
2026/10/02 19:58:38.546, 1539, 22528, 100
2026/10/02 19:58:39.548, 2099, 22528, 81
2026/10/02 19:58:40.549, 2335, 22528, 100
