2026/10/02 19:34:47.376, 3, 22528, 0
2026/10/02 19:34:48.382, 3, 22528, 0
2026/10/02 19:34:49.384, 3, 22528, 0
2026/10/02 19:34:50.387, 3, 22528, 0
2026/10/02 19:34:51.389, 3, 22528, 0
2026/10/02 19:34:52.392, 3, 22528, 0
2026/10/02 19:34:53.395, 3, 22528, 0
2026/10/02 19:34:54.397, 159, 22528, 0
2026/10/02 19:34:55.398, 159, 22528, 1
2026/10/02 19:34:56.400, 2779, 22528, 0
2026/10/02 19:34:57.401, 2779, 22528, 32
2026/10/02 19:34:58.402, 2779, 22528, 100
2026/10/02 19:34:59.403, 3403, 22528, 100
2026/10/02 19:35:00.404, 3403, 22528, 100
2026/10/02 19:35:01.405, 3403, 22528, 100
2026/10/02 19:35:02.406, 3403, 22528, 100
2026/10/02 19:35:03.407, 3403, 22528, 100
2026/10/02 19:35:04.408, 3403, 22528, 100
2026/10/02 19:35:05.411, 3403, 22528, 100
2026/10/02 19:35:06.412, 3403, 22528, 100
2026/10/02 19:35:07.414, 3403, 22528, 100
2026/10/02 19:35:08.415, 3403, 22528, 100
2026/10/02 19:35:09.416, 3403, 22528, 100
2026/10/02 19:35:10.417, 3403, 22528, 100
2026/10/02 19:35:11.418, 3403, 22528, 100
2026/10/02 19:35:12.419, 3403, 22528, 100
2026/10/02 19:35:13.421, 3403, 22528, 100
2026/10/02 19:35:14.422, 3403, 22528, 100
2026/10/02 19:35:15.423, 3403, 22528, 100
2026/10/02 19:35:16.424, 3403, 22528, 100
2026/10/02 19:35:17.425, 3403, 22528, 100
2026/10/02 19:35:18.426, 3403, 22528, 100
2026/10/02 19:35:19.428, 3403, 22528, 100
2026/10/02 19:35:20.429, 3403, 22528, 100
2026/10/02 19:35:21.430, 3403, 22528, 100
2026/10/02 19:35:22.431, 3403, 22528, 100
2026/10/02 19:35:23.432, 3403, 22528, 100
2026/10/02 19:35:24.433, 3403, 22528, 100
2026/10/02 19:35:25.435, 3403, 22528, 100
2026/10/02 19:35:26.437, 3403, 22528, 100
2026/10/02 19:35:27.438, 3403, 22528, 100
2026/10/02 19:35:28.439, 3403, 22528, 100
2026/10/02 19:35:29.441, 3403, 22528, 100
2026/10/02 19:35:30.442, 3403, 22528, 100
2026/10/02 19:35:31.444, 3403, 22528, 100
2026/10/02 19:35:32.445, 3403, 22528, 100
2026/10/02 19:35:33.446, 3403, 22528, 100
2026/10/02 19:35:34.447, 3403, 22528, 100
2026/10/02 19:35:35.449, 3403, 22528, 100
2026/10/02 19:35:36.450, 3403, 22528, 100
2026/10/02 19:35:37.451, 3403, 22528, 100
2026/10/02 19:35:38.452, 3403, 22528, 100
2026/10/02 19:35:39.453, 3403, 22528, 100
2026/10/02 19:35:40.454, 3403, 22528, 100
2026/10/02 19:35:41.456, 3403, 22528, 100
2026/10/02 19:35:42.458, 3403, 22528, 100
2026/10/02 19:35:43.459, 3403, 22528, 100
2026/10/02 19:35:44.460, 3403, 22528, 66
2026/10/02 19:35:45.462, 3403, 22528, 95
2026/10/02 19:35:46.463, 3403, 22528, 100
2026/10/02 19:35:47.464, 3403, 22528, 100
2026/10/02 19:35:48.466, 3403, 22528, 100
2026/10/02 19:35:49.467, 3403, 22528, 100
2026/10/02 19:35:50.468, 3403, 22528, 100
2026/10/02 19:35:51.469, 3403, 22528, 100
2026/10/02 19:35:52.471, 3403, 22528, 100
2026/10/02 19:35:53.472, 3403, 22528, 100
2026/10/02 19:35:54.473, 3403, 22528, 100
2026/10/02 19:35:55.474, 3403, 22528, 100
2026/10/02 19:35:56.475, 3403, 22528, 100
2026/10/02 19:35:57.477, 3403, 22528, 100
2026/10/02 19:35:58.479, 3403, 22528, 100
2026/10/02 19:35:59.480, 3403, 22528, 100
2026/10/02 19:36:00.481, 3403, 22528, 100
2026/10/02 19:36:01.482, 3403, 22528, 100
2026/10/02 19:36:02.483, 3403, 22528, 100
2026/10/02 19:36:03.484, 3403, 22528, 100
2026/10/02 19:36:04.485, 3403, 22528, 100
2026/10/02 19:36:05.486, 3403, 22528, 100
2026/10/02 19:36:06.487, 3403, 22528, 100
2026/10/02 19:36:07.488, 3403, 22528, 100
2026/10/02 19:36:08.489, 3403, 22528, 100
2026/10/02 19:36:09.491, 3403, 22528, 100
2026/10/02 19:36:10.492, 3403, 22528, 100
2026/10/02 19:36:11.494, 3403, 22528, 100
2026/10/02 19:36:12.495, 3403, 22528, 100
2026/10/02 19:36:13.497, 3403, 22528, 100
2026/10/02 19:36:14.498, 3403, 22528, 100
2026/10/02 19:36:15.499, 3403, 22528, 100
2026/10/02 19:36:16.500, 3403, 22528, 100
2026/10/02 19:36:17.502, 3403, 22528, 100
2026/10/02 19:36:18.503, 3403, 22528, 100
2026/10/02 19:36:19.504, 3403, 22528, 100
2026/10/02 19:36:20.506, 3403, 22528, 100
2026/10/02 19:36:21.507, 3403, 22528, 100
2026/10/02 19:36:22.508, 3403, 22528, 100
2026/10/02 19:36:23.510, 3403, 22528, 100
2026/10/02 19:36:24.511, 3403, 22528, 100
2026/10/02 19:36:25.512, 3403, 22528, 100
2026/10/02 19:36:26.513, 3403, 22528, 100
2026/10/02 19:36:27.515, 3403, 22528, 100
2026/10/02 19:36:28.516, 3403, 22528, 100
2026/10/02 19:36:29.517, 3403, 22528, 100
2026/10/02 19:36:30.519, 3403, 22528, 100
2026/10/02 19:36:31.520, 3403, 22528, 100
2026/10/02 19:36:32.521, 3403, 22528, 56
2026/10/02 19:36:33.522, 3403, 22528, 100
2026/10/02 19:36:34.524, 3403, 22528, 100
2026/10/02 19:36:35.525, 3403, 22528, 100
2026/10/02 19:36:36.526, 3403, 22528, 100
2026/10/02 19:36:37.527, 3403, 22528, 100
2026/10/02 19:36:38.529, 3403, 22528, 100
2026/10/02 19:36:39.530, 3403, 22528, 100
2026/10/02 19:36:40.531, 3403, 22528, 100
2026/10/02 19:36:41.532, 3403, 22528, 100
2026/10/02 19:36:42.534, 3403, 22528, 100
2026/10/02 19:36:43.535, 3403, 22528, 100
2026/10/02 19:36:44.537, 3403, 22528, 100
2026/10/02 19:36:45.538, 3403, 22528, 100
2026/10/02 19:36:46.540, 3403, 22528, 100
2026/10/02 19:36:47.542, 3403, 22528, 100
2026/10/02 19:36:48.543, 3403, 22528, 100
2026/10/02 19:36:49.545, 3403, 22528, 100
2026/10/02 19:36:50.546, 3403, 22528, 100
2026/10/02 19:36:51.547, 3403, 22528, 100
2026/10/02 19:36:52.548, 3403, 22528, 100
2026/10/02 19:36:53.549, 3403, 22528, 100
2026/10/02 19:36:54.551, 3403, 22528, 100
2026/10/02 19:36:55.552, 3403, 22528, 100
2026/10/02 19:36:56.554, 3403, 22528, 100
2026/10/02 19:36:57.555, 3403, 22528, 100
2026/10/02 19:36:58.556, 3403, 22528, 100
2026/10/02 19:36:59.557, 3403, 22528, 100
2026/10/02 19:37:00.558, 3403, 22528, 100
2026/10/02 19:37:01.559, 3403, 22528, 100
2026/10/02 19:37:02.561, 3403, 22528, 100
2026/10/02 19:37:03.563, 3403, 22528, 100
2026/10/02 19:37:04.564, 3403, 22528, 100
2026/10/02 19:37:05.565, 3403, 22528, 100
2026/10/02 19:37:06.566, 3403, 22528, 100
2026/10/02 19:37:07.568, 3403, 22528, 100
2026/10/02 19:37:08.570, 3403, 22528, 100
2026/10/02 19:37:09.572, 3403, 22528, 100
2026/10/02 19:37:10.574, 3403, 22528, 100
2026/10/02 19:37:11.575, 3403, 22528, 100
2026/10/02 19:37:12.577, 3403, 22528, 100
2026/10/02 19:37:13.579, 3403, 22528, 100
2026/10/02 19:37:14.580, 3403, 22528, 100
2026/10/02 19:37:15.581, 3403, 22528, 100
2026/10/02 19:37:16.582, 3403, 22528, 100
2026/10/02 19:37:17.583, 3403, 22528, 100
2026/10/02 19:37:18.585, 3403, 22528, 100
2026/10/02 19:37:19.586, 3403, 22528, 100
