2026/10/02 14:32:33.445, 3, 22528, 0
2026/10/02 14:32:34.450, 3, 22528, 0
2026/10/02 14:32:35.452, 3, 22528, 0
2026/10/02 14:32:36.455, 3, 22528, 0
2026/10/02 14:32:37.457, 3, 22528, 0
2026/10/02 14:32:38.460, 3, 22528, 0
2026/10/02 14:32:39.463, 159, 22528, 2
2026/10/02 14:32:40.464, 159, 22528, 1
2026/10/02 14:32:41.466, 159, 22528, 0
2026/10/02 14:32:42.467, 159, 22528, 0
2026/10/02 14:32:43.469, 3275, 22528, 6
2026/10/02 14:32:44.470, 4497, 22528, 50
2026/10/02 14:32:45.471, 4497, 22528, 100
2026/10/02 14:32:46.473, 4497, 22528, 100
2026/10/02 14:32:47.474, 4497, 22528, 100
2026/10/02 14:32:48.475, 4497, 22528, 100
2026/10/02 14:32:49.477, 4497, 22528, 100
2026/10/02 14:32:50.478, 4497, 22528, 100
2026/10/02 14:32:51.480, 4497, 22528, 100
2026/10/02 14:32:52.481, 4497, 22528, 100
2026/10/02 14:32:53.482, 4497, 22528, 100
2026/10/02 14:32:54.484, 4497, 22528, 100
2026/10/02 14:32:55.485, 4497, 22528, 100
2026/10/02 14:32:56.486, 4497, 22528, 100
2026/10/02 14:32:57.489, 4497, 22528, 100
2026/10/02 14:32:58.490, 4497, 22528, 100
2026/10/02 14:32:59.492, 4497, 22528, 100
2026/10/02 14:33:00.494, 4497, 22528, 100
2026/10/02 14:33:01.495, 4497, 22528, 100
2026/10/02 14:33:02.497, 4497, 22528, 100
2026/10/02 14:33:03.498, 4497, 22528, 100
2026/10/02 14:33:04.499, 4497, 22528, 100
2026/10/02 14:33:05.500, 4497, 22528, 100
2026/10/02 14:33:06.501, 4497, 22528, 100
2026/10/02 14:33:07.502, 4497, 22528, 100
2026/10/02 14:33:08.504, 4497, 22528, 100
2026/10/02 14:33:09.505, 4497, 22528, 100
2026/10/02 14:33:10.506, 4497, 22528, 100
2026/10/02 14:33:11.507, 4497, 22528, 100
2026/10/02 14:33:12.509, 4497, 22528, 100
2026/10/02 14:33:13.510, 4497, 22528, 100
2026/10/02 14:33:14.511, 4497, 22528, 100
2026/10/02 14:33:15.513, 4497, 22528, 100
2026/10/02 14:33:16.514, 4497, 22528, 100
2026/10/02 14:33:17.515, 4497, 22528, 100
2026/10/02 14:33:18.516, 4497, 22528, 100
2026/10/02 14:33:19.518, 4497, 22528, 100
2026/10/02 14:33:20.519, 4497, 22528, 100
2026/10/02 14:33:21.520, 4657, 22528, 88
2026/10/02 14:33:22.522, 4813, 22528, 100
2026/10/02 14:33:23.523, 6621, 22528, 100
2026/10/02 14:33:24.524, 8025, 22528, 100
2026/10/02 14:33:25.526, 8525, 22528, 100
2026/10/02 14:33:26.527, 9681, 22528, 100
2026/10/02 14:33:27.529, 9681, 22528, 100
2026/10/02 14:33:28.530, 9681, 22528, 100
2026/10/02 14:33:29.531, 9681, 22528, 100
2026/10/02 14:33:30.533, 7161, 22528, 100
2026/10/02 14:33:31.534, 7161, 22528, 12
2026/10/02 14:33:32.535, 7161, 22528, 0
2026/10/02 14:33:33.536, 7161, 22528, 0
2026/10/02 14:33:34.537, 1373, 22528, 25
2026/10/02 14:33:35.538, 241, 22528, 32
