2026/10/02 22:28:31.544, 159, 22528, 0
2026/10/02 22:28:32.546, 159, 22528, 0
2026/10/02 22:28:33.547, 2261, 22528, 0
2026/10/02 22:28:34.550, 2777, 22528, 28
2026/10/02 22:28:35.551, 2777, 22528, 100
2026/10/02 22:28:36.552, 2779, 22528, 100
2026/10/02 22:28:37.554, 2779, 22528, 86
2026/10/02 22:28:38.556, 2779, 22528, 100
2026/10/02 22:28:39.557, 2779, 22528, 100
2026/10/02 22:28:40.558, 2779, 22528, 87
2026/10/02 22:28:41.559, 2779, 22528, 100
2026/10/02 22:28:42.560, 2779, 22528, 100
2026/10/02 22:28:43.561, 2779, 22528, 68
2026/10/02 22:28:44.563, 2779, 22528, 77
