timestamp, memory.used [MiB], utilization.gpu [%]
2026/10/01 12:42:50.197, 0 MiB, 0 %
2026/10/01 12:42:51.202, 0 MiB, 0 %
2026/10/01 12:42:52.205, 0 MiB, 0 %
2026/10/01 12:42:53.207, 3 MiB, 0 %
2026/10/01 12:42:54.210, 3 MiB, 0 %
2026/10/01 12:42:55.213, 3 MiB, 0 %
2026/10/01 12:42:56.215, 3 MiB, 0 %
2026/10/01 12:42:57.218, 3 MiB, 0 %
2026/10/01 12:42:58.220, 3 MiB, 0 %
2026/10/01 12:42:59.223, 159 MiB, 2 %
2026/10/01 12:43:00.224, 159 MiB, 1 %
2026/10/01 12:43:01.225, 159 MiB, 0 %
2026/10/01 12:43:02.226, 201 MiB, 0 %
2026/10/01 12:43:03.227, 3415 MiB, 7 %
2026/10/01 12:43:04.229, 4497 MiB, 32 %
2026/10/01 12:43:05.230, 4497 MiB, 84 %
2026/10/01 12:43:06.232, 4497 MiB, 100 %
2026/10/01 12:43:07.233, 4497 MiB, 100 %
2026/10/01 12:43:08.234, 4497 MiB, 100 %
2026/10/01 12:43:09.235, 4497 MiB, 100 %
2026/10/01 12:43:10.237, 4497 MiB, 100 %
2026/10/01 12:43:11.238, 4497 MiB, 100 %
2026/10/01 12:43:12.239, 4497 MiB, 100 %
2026/10/01 12:43:13.240, 4497 MiB, 100 %
2026/10/01 12:43:14.241, 4497 MiB, 100 %
2026/10/01 12:43:15.243, 4497 MiB, 100 %
2026/10/01 12:43:16.244, 4497 MiB, 100 %
2026/10/01 12:43:17.245, 4497 MiB, 100 %
2026/10/01 12:43:18.246, 4497 MiB, 100 %
2026/10/01 12:43:19.247, 4497 MiB, 100 %
2026/10/01 12:43:20.249, 4497 MiB, 100 %
2026/10/01 12:43:21.250, 4497 MiB, 100 %
2026/10/01 12:43:22.251, 4497 MiB, 100 %
2026/10/01 12:43:23.252, 4497 MiB, 100 %
2026/10/01 12:43:24.253, 4497 MiB, 100 %
2026/10/01 12:43:25.255, 4497 MiB, 100 %
2026/10/01 12:43:26.260, 4497 MiB, 100 %
2026/10/01 12:43:27.261, 4497 MiB, 100 %
2026/10/01 12:43:28.263, 4497 MiB, 100 %
2026/10/01 12:43:29.264, 4497 MiB, 100 %
2026/10/01 12:43:30.265, 4497 MiB, 100 %
2026/10/01 12:43:31.267, 4497 MiB, 100 %
2026/10/01 12:43:32.268, 4497 MiB, 100 %
2026/10/01 12:43:33.269, 4497 MiB, 100 %
2026/10/01 12:43:34.271, 4497 MiB, 100 %
2026/10/01 12:43:35.272, 4497 MiB, 100 %
2026/10/01 12:43:36.273, 4497 MiB, 100 %
2026/10/01 12:43:37.274, 4497 MiB, 100 %
2026/10/01 12:43:38.275, 4497 MiB, 100 %
2026/10/01 12:43:39.276, 4497 MiB, 97 %
2026/10/01 12:43:40.278, 4497 MiB, 100 %
2026/10/01 12:43:41.280, 4813 MiB, 81 %
2026/10/01 12:43:42.281, 5761 MiB, 100 %
2026/10/01 12:43:43.282, 7549 MiB, 100 %
2026/10/01 12:43:44.283, 8025 MiB, 100 %
2026/10/01 12:43:45.284, 8897 MiB, 100 %
2026/10/01 12:43:46.285, 9681 MiB, 100 %
2026/10/01 12:43:47.287, 9681 MiB, 100 %
2026/10/01 12:43:48.288, 9681 MiB, 100 %
2026/10/01 12:43:49.301, 9681 MiB, 100 %
2026/10/01 12:43:50.303, 7161 MiB, 74 %
2026/10/01 12:43:51.304, 7161 MiB, 0 %
2026/10/01 12:43:52.305, 7161 MiB, 0 %
2026/10/01 12:43:53.306, 3927 MiB, 0 %
2026/10/01 12:43:54.307, 1719 MiB, 29 %
2026/10/01 12:43:55.308, 241 MiB, 29 %
2026/10/01 12:43:56.309, 241 MiB, 0 %
2026/10/01 12:43:57.310, 241 MiB, 0 %
2026/10/01 12:43:58.311, 241 MiB, 0 %
2026/10/01 12:43:59.314, 241 MiB, 0 %
2026/10/01 12:44:00.315, 241 MiB, 0 %
2026/10/01 12:44:01.316, 241 MiB, 0 %
2026/10/01 12:44:02.317, 241 MiB, 0 %
2026/10/01 12:44:03.318, 241 MiB, 0 %
2026/10/01 12:44:04.319, 241 MiB, 0 %
2026/10/01 12:44:05.320, 241 MiB, 0 %
2026/10/01 12:44:06.321, 241 MiB, 0 %
2026/10/01 12:44:07.322, 2889 MiB, 17 %
2026/10/01 12:44:08.323, 10255 MiB, 47 %
2026/10/01 12:44:09.327, 10255 MiB, 100 %
2026/10/01 12:44:10.328, 10255 MiB, 100 %
2026/10/01 12:44:11.329, 10255 MiB, 100 %
2026/10/01 12:44:12.330, 10255 MiB, 100 %
2026/10/01 12:44:13.331, 10255 MiB, 100 %
2026/10/01 12:44:14.332, 10255 MiB, 100 %
2026/10/01 12:44:15.333, 10255 MiB, 100 %
2026/10/01 12:44:16.334, 10255 MiB, 100 %
2026/10/01 12:44:17.335, 10255 MiB, 100 %
2026/10/01 12:44:18.336, 10255 MiB, 100 %
2026/10/01 12:44:19.338, 10255 MiB, 100 %
2026/10/01 12:44:20.339, 10255 MiB, 100 %
2026/10/01 12:44:21.340, 10255 MiB, 100 %
2026/10/01 12:44:22.342, 10255 MiB, 100 %
2026/10/01 12:44:23.344, 10255 MiB, 100 %
2026/10/01 12:44:24.345, 10255 MiB, 100 %
2026/10/01 12:44:25.347, 10255 MiB, 100 %
2026/10/01 12:44:26.348, 10255 MiB, 100 %
2026/10/01 12:44:27.350, 10255 MiB, 100 %
2026/10/01 12:44:28.351, 10255 MiB, 100 %
2026/10/01 12:44:29.352, 10255 MiB, 100 %
2026/10/01 12:44:30.353, 10255 MiB, 100 %
2026/10/01 12:44:31.355, 10255 MiB, 100 %
2026/10/01 12:44:32.356, 10255 MiB, 100 %
2026/10/01 12:44:33.358, 10255 MiB, 100 %
2026/10/01 12:44:34.359, 10255 MiB, 100 %
2026/10/01 12:44:35.360, 10255 MiB, 100 %
2026/10/01 12:44:36.362, 10255 MiB, 100 %
2026/10/01 12:44:37.363, 10255 MiB, 100 %
2026/10/01 12:44:38.364, 10255 MiB, 100 %
2026/10/01 12:44:39.365, 10255 MiB, 100 %
2026/10/01 12:44:40.366, 10255 MiB, 100 %
2026/10/01 12:44:41.369, 10255 MiB, 100 %
2026/10/01 12:44:42.370, 10255 MiB, 100 %
2026/10/01 12:44:43.373, 10255 MiB, 100 %
2026/10/01 12:44:44.374, 10255 MiB, 100 %
2026/10/01 12:44:45.375, 10255 MiB, 100 %
2026/10/01 12:44:46.376, 10255 MiB, 100 %
2026/10/01 12:44:47.378, 10255 MiB, 100 %
2026/10/01 12:44:48.379, 10255 MiB, 100 %
2026/10/01 12:44:49.380, 10255 MiB, 100 %
2026/10/01 12:44:50.382, 10255 MiB, 100 %
2026/10/01 12:44:51.383, 10255 MiB, 100 %
2026/10/01 12:44:52.386, 10255 MiB, 100 %
2026/10/01 12:44:53.387, 10255 MiB, 100 %
2026/10/01 12:44:54.388, 10255 MiB, 100 %
2026/10/01 12:44:55.389, 10255 MiB, 100 %
2026/10/01 12:44:56.390, 10255 MiB, 100 %
2026/10/01 12:44:57.391, 10255 MiB, 100 %
2026/10/01 12:44:58.392, 10255 MiB, 100 %
2026/10/01 12:44:59.393, 10255 MiB, 100 %
2026/10/01 12:45:00.395, 10255 MiB, 100 %
2026/10/01 12:45:01.396, 10255 MiB, 100 %
2026/10/01 12:45:02.398, 10255 MiB, 100 %
2026/10/01 12:45:03.399, 10255 MiB, 100 %
2026/10/01 12:45:04.400, 10255 MiB, 100 %
2026/10/01 12:45:05.401, 10255 MiB, 100 %
2026/10/01 12:45:06.402, 10255 MiB, 100 %
2026/10/01 12:45:07.405, 10255 MiB, 100 %
2026/10/01 12:45:08.407, 10255 MiB, 100 %
2026/10/01 12:45:09.408, 10255 MiB, 100 %
2026/10/01 12:45:10.409, 10255 MiB, 100 %
2026/10/01 12:45:11.411, 10255 MiB, 100 %
2026/10/01 12:45:12.412, 10255 MiB, 100 %
2026/10/01 12:45:13.413, 10255 MiB, 100 %
2026/10/01 12:45:14.416, 10255 MiB, 100 %
2026/10/01 12:45:15.417, 10255 MiB, 100 %
2026/10/01 12:45:16.418, 10255 MiB, 100 %
2026/10/01 12:45:17.419, 10255 MiB, 100 %
2026/10/01 12:45:18.420, 10255 MiB, 100 %
2026/10/01 12:45:19.422, 10255 MiB, 100 %
2026/10/01 12:45:20.423, 10255 MiB, 100 %
2026/10/01 12:45:21.426, 10255 MiB, 100 %
2026/10/01 12:45:22.427, 10255 MiB, 100 %
2026/10/01 12:45:23.428, 10255 MiB, 100 %
2026/10/01 12:45:24.429, 10255 MiB, 100 %
2026/10/01 12:45:25.431, 10255 MiB, 100 %
2026/10/01 12:45:26.432, 10255 MiB, 100 %
2026/10/01 12:45:27.433, 10255 MiB, 100 %
2026/10/01 12:45:28.434, 10255 MiB, 100 %
2026/10/01 12:45:29.435, 10255 MiB, 100 %
2026/10/01 12:45:30.437, 10255 MiB, 100 %
2026/10/01 12:45:31.438, 10255 MiB, 100 %
2026/10/01 12:45:32.439, 10255 MiB, 100 %
2026/10/01 12:45:33.441, 10255 MiB, 100 %
2026/10/01 12:45:34.443, 10255 MiB, 100 %
2026/10/01 12:45:35.444, 10255 MiB, 100 %
2026/10/01 12:45:36.445, 10255 MiB, 100 %
2026/10/01 12:45:37.447, 10255 MiB, 100 %
2026/10/01 12:45:38.448, 10255 MiB, 100 %
2026/10/01 12:45:39.450, 10255 MiB, 100 %
2026/10/01 12:45:40.451, 10255 MiB, 100 %
2026/10/01 12:45:41.453, 10255 MiB, 100 %
2026/10/01 12:45:42.455, 10255 MiB, 100 %
2026/10/01 12:45:43.456, 10255 MiB, 100 %
2026/10/01 12:45:44.458, 10255 MiB, 100 %
2026/10/01 12:45:45.459, 10255 MiB, 100 %
2026/10/01 12:45:46.460, 10255 MiB, 100 %
2026/10/01 12:45:47.461, 10255 MiB, 100 %
2026/10/01 12:45:48.462, 10255 MiB, 100 %
2026/10/01 12:45:49.463, 10255 MiB, 100 %
2026/10/01 12:45:50.464, 10255 MiB, 100 %
2026/10/01 12:45:51.465, 10255 MiB, 100 %
2026/10/01 12:45:52.467, 10255 MiB, 100 %
2026/10/01 12:45:53.468, 10255 MiB, 100 %
2026/10/01 12:45:54.469, 10255 MiB, 100 %
2026/10/01 12:45:55.470, 10255 MiB, 100 %
2026/10/01 12:45:56.471, 10255 MiB, 100 %
2026/10/01 12:45:57.472, 10255 MiB, 100 %
2026/10/01 12:45:58.474, 10255 MiB, 100 %
2026/10/01 12:45:59.475, 10255 MiB, 100 %
2026/10/01 12:46:00.476, 10255 MiB, 100 %
2026/10/01 12:46:01.477, 10255 MiB, 100 %
2026/10/01 12:46:02.478, 10255 MiB, 100 %
2026/10/01 12:46:03.479, 10255 MiB, 100 %
2026/10/01 12:46:04.480, 10255 MiB, 100 %
2026/10/01 12:46:05.481, 10255 MiB, 100 %
2026/10/01 12:46:06.482, 10255 MiB, 100 %
2026/10/01 12:46:07.483, 10255 MiB, 100 %
2026/10/01 12:46:08.484, 10255 MiB, 100 %
2026/10/01 12:46:09.486, 10255 MiB, 100 %
2026/10/01 12:46:10.487, 10255 MiB, 100 %
2026/10/01 12:46:11.489, 10255 MiB, 100 %
2026/10/01 12:46:12.490, 10255 MiB, 100 %
2026/10/01 12:46:13.491, 10255 MiB, 100 %
2026/10/01 12:46:14.492, 10255 MiB, 100 %
2026/10/01 12:46:15.495, 10255 MiB, 100 %
2026/10/01 12:46:16.496, 10255 MiB, 100 %
2026/10/01 12:46:17.497, 10255 MiB, 100 %
2026/10/01 12:46:18.500, 10255 MiB, 100 %
2026/10/01 12:46:19.501, 10255 MiB, 100 %
2026/10/01 12:46:20.502, 10255 MiB, 100 %
2026/10/01 12:46:21.503, 10255 MiB, 100 %
2026/10/01 12:46:22.505, 10255 MiB, 100 %
2026/10/01 12:46:23.507, 10255 MiB, 100 %
2026/10/01 12:46:24.508, 10255 MiB, 100 %
2026/10/01 12:46:25.510, 10255 MiB, 100 %
2026/10/01 12:46:26.511, 10255 MiB, 100 %
2026/10/01 12:46:27.512, 10255 MiB, 100 %
2026/10/01 12:46:28.513, 10255 MiB, 100 %
2026/10/01 12:46:29.514, 10255 MiB, 100 %
2026/10/01 12:46:30.516, 10255 MiB, 100 %
2026/10/01 12:46:31.517, 10255 MiB, 100 %
2026/10/01 12:46:32.519, 10255 MiB, 100 %
2026/10/01 12:46:33.521, 10255 MiB, 100 %
2026/10/01 12:46:34.523, 10255 MiB, 100 %
2026/10/01 12:46:35.525, 10255 MiB, 100 %
2026/10/01 12:46:36.526, 10255 MiB, 100 %
2026/10/01 12:46:37.527, 10255 MiB, 100 %
2026/10/01 12:46:38.529, 10255 MiB, 100 %
2026/10/01 12:46:39.530, 10255 MiB, 100 %
2026/10/01 12:46:40.533, 10255 MiB, 100 %
2026/10/01 12:46:41.534, 10255 MiB, 100 %
2026/10/01 12:46:42.535, 10255 MiB, 100 %
2026/10/01 12:46:43.536, 10255 MiB, 100 %
2026/10/01 12:46:44.538, 10255 MiB, 100 %
2026/10/01 12:46:45.540, 10255 MiB, 100 %
2026/10/01 12:46:46.541, 10255 MiB, 100 %
2026/10/01 12:46:47.542, 10255 MiB, 100 %
2026/10/01 12:46:48.543, 10255 MiB, 100 %
2026/10/01 12:46:49.544, 10255 MiB, 100 %
2026/10/01 12:46:50.546, 10255 MiB, 100 %
2026/10/01 12:46:51.548, 10255 MiB, 100 %
2026/10/01 12:46:52.549, 10255 MiB, 100 %
2026/10/01 12:46:53.552, 10255 MiB, 100 %
2026/10/01 12:46:54.553, 10255 MiB, 100 %
2026/10/01 12:46:55.554, 10255 MiB, 100 %
2026/10/01 12:46:56.555, 10255 MiB, 100 %
2026/10/01 12:46:57.556, 10255 MiB, 100 %
2026/10/01 12:46:58.557, 10255 MiB, 100 %
2026/10/01 12:46:59.559, 10255 MiB, 100 %
2026/10/01 12:47:00.560, 10255 MiB, 100 %
2026/10/01 12:47:01.561, 10255 MiB, 100 %
2026/10/01 12:47:02.562, 10255 MiB, 100 %
2026/10/01 12:47:03.565, 10255 MiB, 100 %
2026/10/01 12:47:04.566, 10255 MiB, 100 %
2026/10/01 12:47:05.568, 10255 MiB, 100 %
2026/10/01 12:47:06.569, 10255 MiB, 100 %
2026/10/01 12:47:07.571, 10255 MiB, 100 %
2026/10/01 12:47:08.572, 10255 MiB, 100 %
2026/10/01 12:47:09.573, 10255 MiB, 100 %
2026/10/01 12:47:10.574, 10255 MiB, 100 %
2026/10/01 12:47:11.576, 10255 MiB, 100 %
2026/10/01 12:47:12.577, 10255 MiB, 100 %
2026/10/01 12:47:13.578, 10255 MiB, 100 %
2026/10/01 12:47:14.579, 10255 MiB, 100 %
2026/10/01 12:47:15.581, 10255 MiB, 100 %
2026/10/01 12:47:16.582, 10255 MiB, 100 %
2026/10/01 12:47:17.584, 10255 MiB, 100 %
2026/10/01 12:47:18.585, 10255 MiB, 100 %
2026/10/01 12:47:19.586, 10255 MiB, 100 %
2026/10/01 12:47:20.587, 10255 MiB, 100 %
2026/10/01 12:47:21.588, 10255 MiB, 100 %
2026/10/01 12:47:22.590, 10255 MiB, 100 %
2026/10/01 12:47:23.591, 10255 MiB, 100 %
2026/10/01 12:47:24.593, 10255 MiB, 100 %
2026/10/01 12:47:25.594, 10255 MiB, 100 %
2026/10/01 12:47:26.595, 10255 MiB, 100 %
2026/10/01 12:47:27.596, 10255 MiB, 100 %
2026/10/01 12:47:28.597, 10255 MiB, 100 %
2026/10/01 12:47:29.598, 10255 MiB, 100 %
2026/10/01 12:47:30.601, 10255 MiB, 100 %
2026/10/01 12:47:31.602, 10255 MiB, 100 %
2026/10/01 12:47:32.603, 10255 MiB, 100 %
2026/10/01 12:47:33.604, 10255 MiB, 100 %
2026/10/01 12:47:34.605, 10255 MiB, 100 %
2026/10/01 12:47:35.606, 10255 MiB, 100 %
2026/10/01 12:47:36.607, 10255 MiB, 100 %
2026/10/01 12:47:37.610, 10255 MiB, 100 %
2026/10/01 12:47:38.612, 10255 MiB, 100 %
2026/10/01 12:47:39.613, 10255 MiB, 100 %
2026/10/01 12:47:40.614, 10255 MiB, 100 %
2026/10/01 12:47:41.615, 10255 MiB, 100 %
2026/10/01 12:47:42.616, 10255 MiB, 100 %
2026/10/01 12:47:43.617, 10255 MiB, 100 %
2026/10/01 12:47:44.618, 10255 MiB, 100 %
2026/10/01 12:47:45.619, 10255 MiB, 100 %
2026/10/01 12:47:46.621, 10255 MiB, 100 %
2026/10/01 12:47:47.622, 10255 MiB, 100 %
2026/10/01 12:47:48.623, 10255 MiB, 100 %
2026/10/01 12:47:49.625, 10255 MiB, 100 %
2026/10/01 12:47:50.626, 10255 MiB, 100 %
2026/10/01 12:47:51.627, 10255 MiB, 100 %
2026/10/01 12:47:52.628, 10255 MiB, 100 %
2026/10/01 12:47:53.629, 10255 MiB, 100 %
2026/10/01 12:47:54.630, 10255 MiB, 100 %
2026/10/01 12:47:55.632, 10255 MiB, 100 %
2026/10/01 12:47:56.633, 10255 MiB, 100 %
2026/10/01 12:47:57.634, 10255 MiB, 100 %
2026/10/01 12:47:58.635, 10255 MiB, 100 %
2026/10/01 12:47:59.636, 10255 MiB, 100 %
2026/10/01 12:48:00.638, 10255 MiB, 100 %
2026/10/01 12:48:01.639, 10255 MiB, 100 %
2026/10/01 12:48:02.640, 10255 MiB, 100 %
2026/10/01 12:48:03.641, 10255 MiB, 100 %
2026/10/01 12:48:04.642, 10255 MiB, 100 %
2026/10/01 12:48:05.643, 10255 MiB, 100 %
2026/10/01 12:48:06.644, 10255 MiB, 100 %
2026/10/01 12:48:07.645, 10255 MiB, 100 %
2026/10/01 12:48:08.646, 10255 MiB, 100 %
2026/10/01 12:48:09.648, 10255 MiB, 100 %
2026/10/01 12:48:10.649, 10255 MiB, 100 %
2026/10/01 12:48:11.650, 10255 MiB, 100 %
2026/10/01 12:48:12.652, 10255 MiB, 100 %
2026/10/01 12:48:13.653, 10255 MiB, 100 %
2026/10/01 12:48:14.655, 10255 MiB, 100 %
2026/10/01 12:48:15.656, 10255 MiB, 100 %
2026/10/01 12:48:16.657, 10255 MiB, 100 %
2026/10/01 12:48:17.658, 10255 MiB, 100 %
2026/10/01 12:48:18.659, 10255 MiB, 100 %
2026/10/01 12:48:19.660, 10255 MiB, 100 %
2026/10/01 12:48:20.661, 10255 MiB, 100 %
2026/10/01 12:48:21.663, 10255 MiB, 100 %
2026/10/01 12:48:22.665, 10255 MiB, 100 %
2026/10/01 12:48:23.666, 10255 MiB, 100 %
2026/10/01 12:48:24.667, 10255 MiB, 100 %
2026/10/01 12:48:25.668, 10255 MiB, 100 %
2026/10/01 12:48:26.669, 10255 MiB, 100 %
2026/10/01 12:48:27.670, 10255 MiB, 100 %
2026/10/01 12:48:28.671, 10255 MiB, 100 %
2026/10/01 12:48:29.672, 10255 MiB, 100 %
2026/10/01 12:48:30.674, 10255 MiB, 100 %
2026/10/01 12:48:31.675, 10255 MiB, 100 %
2026/10/01 12:48:32.677, 10255 MiB, 100 %
2026/10/01 12:48:33.678, 10255 MiB, 100 %
2026/10/01 12:48:34.680, 10255 MiB, 100 %
2026/10/01 12:48:35.681, 10255 MiB, 100 %
2026/10/01 12:48:36.683, 10255 MiB, 100 %
2026/10/01 12:48:37.684, 10255 MiB, 100 %
2026/10/01 12:48:38.685, 10255 MiB, 100 %
2026/10/01 12:48:39.686, 10255 MiB, 100 %
2026/10/01 12:48:40.687, 10255 MiB, 100 %
2026/10/01 12:48:41.689, 10255 MiB, 100 %
2026/10/01 12:48:42.690, 10255 MiB, 100 %
2026/10/01 12:48:43.691, 10255 MiB, 100 %
2026/10/01 12:48:44.693, 10255 MiB, 100 %
2026/10/01 12:48:45.694, 10255 MiB, 100 %
2026/10/01 12:48:46.696, 10255 MiB, 100 %
2026/10/01 12:48:47.697, 10255 MiB, 100 %
2026/10/01 12:48:48.699, 10255 MiB, 100 %
2026/10/01 12:48:49.701, 10255 MiB, 100 %
2026/10/01 12:48:50.702, 10255 MiB, 100 %
2026/10/01 12:48:51.703, 10255 MiB, 100 %
2026/10/01 12:48:52.704, 10255 MiB, 100 %
2026/10/01 12:48:53.705, 10255 MiB, 100 %
2026/10/01 12:48:54.707, 10255 MiB, 100 %
2026/10/01 12:48:55.708, 10255 MiB, 100 %
2026/10/01 12:48:56.709, 10255 MiB, 100 %
2026/10/01 12:48:57.711, 10255 MiB, 100 %
2026/10/01 12:48:58.713, 10255 MiB, 100 %
2026/10/01 12:48:59.714, 10255 MiB, 100 %
2026/10/01 12:49:00.716, 10255 MiB, 100 %
2026/10/01 12:49:01.717, 10255 MiB, 100 %
2026/10/01 12:49:02.718, 10255 MiB, 100 %
2026/10/01 12:49:03.720, 10255 MiB, 100 %
2026/10/01 12:49:04.722, 10255 MiB, 100 %
2026/10/01 12:49:05.723, 10255 MiB, 100 %
2026/10/01 12:49:06.724, 10255 MiB, 100 %
2026/10/01 12:49:07.726, 10255 MiB, 100 %
2026/10/01 12:49:08.728, 10255 MiB, 100 %
2026/10/01 12:49:09.729, 10255 MiB, 100 %
2026/10/01 12:49:10.730, 10255 MiB, 100 %
2026/10/01 12:49:11.732, 10255 MiB, 100 %
2026/10/01 12:49:12.733, 10255 MiB, 100 %
2026/10/01 12:49:13.734, 10255 MiB, 100 %
2026/10/01 12:49:14.735, 10255 MiB, 100 %
2026/10/01 12:49:15.736, 10255 MiB, 100 %
2026/10/01 12:49:16.739, 10255 MiB, 100 %
2026/10/01 12:49:17.740, 10255 MiB, 100 %
2026/10/01 12:49:18.741, 10255 MiB, 100 %
2026/10/01 12:49:19.742, 10255 MiB, 100 %
2026/10/01 12:49:20.743, 10255 MiB, 100 %
2026/10/01 12:49:21.744, 10255 MiB, 100 %
2026/10/01 12:49:22.745, 10255 MiB, 100 %
2026/10/01 12:49:23.747, 10255 MiB, 100 %
2026/10/01 12:49:24.748, 10255 MiB, 100 %
2026/10/01 12:49:25.749, 10255 MiB, 100 %
2026/10/01 12:49:26.750, 10255 MiB, 100 %
2026/10/01 12:49:27.752, 10255 MiB, 100 %
2026/10/01 12:49:28.753, 10255 MiB, 100 %
2026/10/01 12:49:29.755, 10255 MiB, 100 %
2026/10/01 12:49:30.756, 10255 MiB, 100 %
2026/10/01 12:49:31.758, 10255 MiB, 100 %
2026/10/01 12:49:32.760, 10255 MiB, 100 %
2026/10/01 12:49:33.761, 10255 MiB, 100 %
2026/10/01 12:49:34.763, 10255 MiB, 100 %
2026/10/01 12:49:35.764, 10255 MiB, 100 %
2026/10/01 12:49:36.765, 10255 MiB, 100 %
2026/10/01 12:49:37.766, 10255 MiB, 100 %
2026/10/01 12:49:38.767, 10255 MiB, 100 %
2026/10/01 12:49:39.768, 10255 MiB, 100 %
2026/10/01 12:49:40.769, 10255 MiB, 100 %
2026/10/01 12:49:41.770, 10255 MiB, 100 %
2026/10/01 12:49:42.771, 10255 MiB, 100 %
2026/10/01 12:49:43.773, 10255 MiB, 100 %
2026/10/01 12:49:44.774, 10255 MiB, 100 %
2026/10/01 12:49:45.775, 10255 MiB, 100 %
2026/10/01 12:49:46.776, 10255 MiB, 100 %
2026/10/01 12:49:47.777, 10255 MiB, 100 %
2026/10/01 12:49:48.778, 10255 MiB, 100 %
2026/10/01 12:49:49.780, 10255 MiB, 100 %
2026/10/01 12:49:50.782, 10255 MiB, 100 %
2026/10/01 12:49:51.783, 10255 MiB, 100 %
2026/10/01 12:49:52.784, 10255 MiB, 100 %
2026/10/01 12:49:53.785, 10255 MiB, 100 %
2026/10/01 12:49:54.786, 10255 MiB, 100 %
2026/10/01 12:49:55.787, 10255 MiB, 100 %
2026/10/01 12:49:56.788, 10255 MiB, 100 %
2026/10/01 12:49:57.790, 10255 MiB, 100 %
2026/10/01 12:49:58.791, 10255 MiB, 100 %
2026/10/01 12:49:59.792, 10255 MiB, 100 %
2026/10/01 12:50:00.795, 10255 MiB, 100 %
2026/10/01 12:50:01.796, 10255 MiB, 100 %
2026/10/01 12:50:02.797, 10255 MiB, 100 %
2026/10/01 12:50:03.799, 10255 MiB, 100 %
2026/10/01 12:50:04.800, 10255 MiB, 100 %
2026/10/01 12:50:05.801, 10255 MiB, 100 %
2026/10/01 12:50:06.802, 10255 MiB, 100 %
2026/10/01 12:50:07.803, 10255 MiB, 100 %
2026/10/01 12:50:08.805, 10255 MiB, 100 %
2026/10/01 12:50:09.806, 10255 MiB, 100 %
2026/10/01 12:50:10.809, 10255 MiB, 100 %
2026/10/01 12:50:11.810, 10255 MiB, 100 %
2026/10/01 12:50:12.811, 10255 MiB, 100 %
2026/10/01 12:50:13.812, 10255 MiB, 100 %
2026/10/01 12:50:14.813, 10255 MiB, 100 %
2026/10/01 12:50:15.815, 10255 MiB, 100 %
2026/10/01 12:50:16.816, 10255 MiB, 100 %
2026/10/01 12:50:17.818, 10255 MiB, 100 %
2026/10/01 12:50:18.819, 10255 MiB, 100 %
2026/10/01 12:50:19.820, 10255 MiB, 100 %
2026/10/01 12:50:20.821, 10255 MiB, 100 %
2026/10/01 12:50:21.822, 10255 MiB, 100 %
2026/10/01 12:50:22.824, 10255 MiB, 100 %
2026/10/01 12:50:23.825, 10255 MiB, 100 %
2026/10/01 12:50:24.826, 10255 MiB, 100 %
2026/10/01 12:50:25.828, 10255 MiB, 100 %
2026/10/01 12:50:26.829, 10255 MiB, 100 %
2026/10/01 12:50:27.830, 10255 MiB, 100 %
2026/10/01 12:50:28.832, 10255 MiB, 100 %
2026/10/01 12:50:29.833, 10255 MiB, 100 %
2026/10/01 12:50:30.835, 10255 MiB, 100 %
2026/10/01 12:50:31.837, 10255 MiB, 100 %
2026/10/01 12:50:32.838, 10255 MiB, 100 %
2026/10/01 12:50:33.839, 10255 MiB, 100 %
2026/10/01 12:50:34.840, 10255 MiB, 100 %
2026/10/01 12:50:35.842, 10255 MiB, 100 %
2026/10/01 12:50:36.843, 10255 MiB, 100 %
2026/10/01 12:50:37.846, 10255 MiB, 100 %
2026/10/01 12:50:38.847, 10255 MiB, 100 %
2026/10/01 12:50:39.848, 10255 MiB, 100 %
2026/10/01 12:50:40.851, 10255 MiB, 100 %
2026/10/01 12:50:41.852, 10255 MiB, 100 %
2026/10/01 12:50:42.853, 10255 MiB, 100 %
2026/10/01 12:50:43.854, 10255 MiB, 100 %
2026/10/01 12:50:44.855, 10255 MiB, 100 %
2026/10/01 12:50:45.856, 10255 MiB, 100 %
2026/10/01 12:50:46.857, 10255 MiB, 100 %
2026/10/01 12:50:47.859, 10255 MiB, 100 %
2026/10/01 12:50:48.860, 10255 MiB, 100 %
2026/10/01 12:50:49.862, 10255 MiB, 100 %
2026/10/01 12:50:50.863, 10255 MiB, 100 %
2026/10/01 12:50:51.864, 10255 MiB, 100 %
2026/10/01 12:50:52.866, 10255 MiB, 100 %
2026/10/01 12:50:53.867, 10255 MiB, 100 %
2026/10/01 12:50:54.868, 10255 MiB, 100 %
2026/10/01 12:50:55.869, 10255 MiB, 100 %
2026/10/01 12:50:56.870, 10255 MiB, 100 %
2026/10/01 12:50:57.872, 10255 MiB, 100 %
2026/10/01 12:50:58.873, 10255 MiB, 100 %
2026/10/01 12:50:59.875, 10255 MiB, 100 %
2026/10/01 12:51:00.877, 10255 MiB, 100 %
2026/10/01 12:51:01.878, 10255 MiB, 100 %
2026/10/01 12:51:02.879, 10255 MiB, 100 %
2026/10/01 12:51:03.880, 10255 MiB, 100 %
2026/10/01 12:51:04.881, 10255 MiB, 100 %
2026/10/01 12:51:05.883, 10255 MiB, 100 %
2026/10/01 12:51:06.884, 10255 MiB, 100 %
2026/10/01 12:51:07.887, 10255 MiB, 100 %
2026/10/01 12:51:08.888, 10255 MiB, 100 %
2026/10/01 12:51:09.891, 10255 MiB, 100 %
2026/10/01 12:51:10.893, 10255 MiB, 100 %
2026/10/01 12:51:11.894, 10255 MiB, 100 %
2026/10/01 12:51:12.895, 10255 MiB, 100 %
2026/10/01 12:51:13.896, 10255 MiB, 100 %
2026/10/01 12:51:14.897, 10255 MiB, 100 %
2026/10/01 12:51:15.898, 10255 MiB, 100 %
2026/10/01 12:51:16.899, 10255 MiB, 100 %
2026/10/01 12:51:17.901, 10255 MiB, 100 %
2026/10/01 12:51:18.902, 10255 MiB, 100 %
2026/10/01 12:51:19.905, 10255 MiB, 100 %
2026/10/01 12:51:20.906, 10255 MiB, 100 %
2026/10/01 12:51:21.907, 10255 MiB, 100 %
2026/10/01 12:51:22.908, 10255 MiB, 100 %
2026/10/01 12:51:23.909, 10255 MiB, 100 %
2026/10/01 12:51:24.911, 10255 MiB, 100 %
2026/10/01 12:51:25.912, 10255 MiB, 100 %
2026/10/01 12:51:26.914, 10255 MiB, 100 %
2026/10/01 12:51:27.915, 10255 MiB, 100 %
2026/10/01 12:51:28.916, 10255 MiB, 100 %
2026/10/01 12:51:29.917, 10255 MiB, 100 %
2026/10/01 12:51:30.918, 10255 MiB, 100 %
2026/10/01 12:51:31.920, 10255 MiB, 100 %
2026/10/01 12:51:32.921, 10255 MiB, 100 %
2026/10/01 12:51:33.922, 10255 MiB, 100 %
2026/10/01 12:51:34.923, 10255 MiB, 100 %
2026/10/01 12:51:35.924, 10255 MiB, 100 %
2026/10/01 12:51:36.926, 10255 MiB, 100 %
2026/10/01 12:51:37.928, 10255 MiB, 100 %
2026/10/01 12:51:38.930, 10255 MiB, 100 %
2026/10/01 12:51:39.931, 10255 MiB, 100 %
2026/10/01 12:51:40.932, 10255 MiB, 100 %
2026/10/01 12:51:41.933, 10255 MiB, 100 %
2026/10/01 12:51:42.934, 10255 MiB, 100 %
2026/10/01 12:51:43.935, 10255 MiB, 100 %
2026/10/01 12:51:44.936, 10255 MiB, 100 %
2026/10/01 12:51:45.937, 10255 MiB, 100 %
2026/10/01 12:51:46.939, 10255 MiB, 100 %
2026/10/01 12:51:47.939, 10255 MiB, 100 %
2026/10/01 12:51:48.942, 10255 MiB, 100 %
2026/10/01 12:51:49.943, 10255 MiB, 100 %
2026/10/01 12:51:50.944, 10255 MiB, 100 %
2026/10/01 12:51:51.947, 10255 MiB, 100 %
2026/10/01 12:51:52.948, 10255 MiB, 100 %
2026/10/01 12:51:53.950, 10255 MiB, 100 %
2026/10/01 12:51:54.951, 10255 MiB, 100 %
2026/10/01 12:51:55.952, 10255 MiB, 100 %
2026/10/01 12:51:56.953, 10255 MiB, 100 %
2026/10/01 12:51:57.954, 10255 MiB, 100 %
2026/10/01 12:51:58.956, 10255 MiB, 100 %
2026/10/01 12:51:59.957, 10255 MiB, 100 %
2026/10/01 12:52:00.958, 10255 MiB, 100 %
2026/10/01 12:52:01.959, 10255 MiB, 100 %
2026/10/01 12:52:02.960, 10255 MiB, 100 %
2026/10/01 12:52:03.962, 10255 MiB, 100 %
2026/10/01 12:52:04.963, 10255 MiB, 100 %
2026/10/01 12:52:05.964, 10255 MiB, 100 %
2026/10/01 12:52:06.965, 10255 MiB, 100 %
2026/10/01 12:52:07.967, 10255 MiB, 100 %
2026/10/01 12:52:08.968, 10255 MiB, 100 %
2026/10/01 12:52:09.969, 10255 MiB, 100 %
2026/10/01 12:52:10.970, 10255 MiB, 100 %
2026/10/01 12:52:11.971, 10255 MiB, 100 %
2026/10/01 12:52:12.972, 10255 MiB, 100 %
2026/10/01 12:52:13.974, 10255 MiB, 100 %
2026/10/01 12:52:14.975, 10255 MiB, 100 %
2026/10/01 12:52:15.976, 10255 MiB, 100 %
2026/10/01 12:52:16.977, 10255 MiB, 100 %
2026/10/01 12:52:17.978, 10255 MiB, 100 %
2026/10/01 12:52:18.980, 10255 MiB, 100 %
2026/10/01 12:52:19.982, 10255 MiB, 100 %
2026/10/01 12:52:20.983, 10255 MiB, 100 %
2026/10/01 12:52:21.984, 10255 MiB, 100 %
2026/10/01 12:52:22.985, 10255 MiB, 100 %
2026/10/01 12:52:23.987, 10255 MiB, 100 %
2026/10/01 12:52:24.988, 10255 MiB, 100 %
2026/10/01 12:52:25.989, 10255 MiB, 100 %
2026/10/01 12:52:26.990, 10255 MiB, 100 %
2026/10/01 12:52:27.992, 10255 MiB, 100 %
2026/10/01 12:52:28.993, 10255 MiB, 100 %
2026/10/01 12:52:29.994, 10255 MiB, 100 %
2026/10/01 12:52:30.995, 10255 MiB, 100 %
2026/10/01 12:52:31.996, 10255 MiB, 100 %
2026/10/01 12:52:32.997, 10255 MiB, 100 %
2026/10/01 12:52:33.998, 10255 MiB, 100 %
2026/10/01 12:52:34.999, 10255 MiB, 100 %
2026/10/01 12:52:36.001, 10255 MiB, 100 %
2026/10/01 12:52:37.002, 10255 MiB, 100 %
2026/10/01 12:52:38.003, 10255 MiB, 100 %
2026/10/01 12:52:39.004, 10255 MiB, 100 %
2026/10/01 12:52:40.005, 10255 MiB, 100 %
2026/10/01 12:52:41.007, 10255 MiB, 100 %
2026/10/01 12:52:42.008, 10255 MiB, 100 %
2026/10/01 12:52:43.009, 10255 MiB, 100 %
2026/10/01 12:52:44.010, 10255 MiB, 100 %
2026/10/01 12:52:45.011, 10255 MiB, 100 %
2026/10/01 12:52:46.013, 10255 MiB, 100 %
2026/10/01 12:52:47.014, 10255 MiB, 100 %
2026/10/01 12:52:48.017, 10255 MiB, 100 %
2026/10/01 12:52:49.018, 10255 MiB, 100 %
2026/10/01 12:52:50.019, 10255 MiB, 100 %
2026/10/01 12:52:51.021, 10255 MiB, 100 %
2026/10/01 12:52:52.022, 261 MiB, 100 %
2026/10/01 12:52:53.024, 261 MiB, 74 %
2026/10/01 12:52:54.059, 1081 MiB, 0 %
2026/10/01 12:52:55.060, 3451 MiB, 11 %
2026/10/01 12:52:56.062, 3451 MiB, 100 %
2026/10/01 12:52:57.063, 3451 MiB, 100 %
2026/10/01 12:52:58.066, 3451 MiB, 100 %
2026/10/01 12:52:59.067, 3451 MiB, 100 %
2026/10/01 12:53:00.068, 3451 MiB, 100 %
2026/10/01 12:53:01.069, 3451 MiB, 100 %
2026/10/01 12:53:02.071, 3451 MiB, 100 %
2026/10/01 12:53:03.072, 3451 MiB, 100 %
2026/10/01 12:53:04.073, 3451 MiB, 100 %
2026/10/01 12:53:05.074, 3451 MiB, 100 %
2026/10/01 12:53:06.075, 3451 MiB, 100 %
2026/10/01 12:53:07.076, 3451 MiB, 100 %
2026/10/01 12:53:08.078, 3451 MiB, 100 %
2026/10/01 12:53:09.079, 3451 MiB, 100 %
2026/10/01 12:53:10.080, 3451 MiB, 100 %
2026/10/01 12:53:11.081, 3451 MiB, 100 %
2026/10/01 12:53:12.082, 3451 MiB, 100 %
2026/10/01 12:53:13.083, 3451 MiB, 100 %
2026/10/01 12:53:14.084, 3451 MiB, 100 %
2026/10/01 12:53:15.086, 3451 MiB, 100 %
2026/10/01 12:53:16.087, 3451 MiB, 100 %
2026/10/01 12:53:17.088, 3451 MiB, 100 %
2026/10/01 12:53:18.089, 3451 MiB, 100 %
2026/10/01 12:53:19.090, 3451 MiB, 100 %
2026/10/01 12:53:20.091, 3451 MiB, 100 %
2026/10/01 12:53:21.093, 3451 MiB, 100 %
2026/10/01 12:53:22.095, 3451 MiB, 100 %
2026/10/01 12:53:23.096, 3451 MiB, 100 %
2026/10/01 12:53:24.098, 3451 MiB, 100 %
2026/10/01 12:53:25.099, 3451 MiB, 100 %
2026/10/01 12:53:26.100, 3451 MiB, 100 %
2026/10/01 12:53:27.102, 3451 MiB, 100 %
2026/10/01 12:53:28.103, 3451 MiB, 100 %
2026/10/01 12:53:29.104, 3451 MiB, 100 %
2026/10/01 12:53:30.105, 3451 MiB, 100 %
2026/10/01 12:53:31.107, 3451 MiB, 100 %
2026/10/01 12:53:32.108, 3451 MiB, 100 %
2026/10/01 12:53:33.110, 3451 MiB, 100 %
2026/10/01 12:53:34.111, 3451 MiB, 100 %
2026/10/01 12:53:35.112, 3451 MiB, 100 %
2026/10/01 12:53:36.113, 3451 MiB, 100 %
2026/10/01 12:53:37.114, 3451 MiB, 100 %
2026/10/01 12:53:38.115, 3451 MiB, 100 %
2026/10/01 12:53:39.116, 3451 MiB, 100 %
2026/10/01 12:53:40.118, 3451 MiB, 100 %
2026/10/01 12:53:41.119, 3451 MiB, 100 %
2026/10/01 12:53:42.159, 261 MiB, 100 %
2026/10/01 12:53:43.160, 261 MiB, 15 %
