2026/10/02 20:00:16.753, 5757, 22528, 100
2026/10/02 20:00:17.755, 5757, 22528, 100
2026/10/02 20:00:18.757, 5757, 22528, 100
2026/10/02 20:00:19.758, 5757, 22528, 100
2026/10/02 20:00:20.759, 3905, 22528, 46
2026/10/02 20:00:21.760, 3915, 22528, 0
2026/10/02 20:00:22.763, 4879, 22528, 58
2026/10/02 20:00:23.764, 4879, 22528, 100
2026/10/02 20:00:24.765, 5027, 22528, 81
2026/10/02 20:00:25.767, 5331, 22528, 100
2026/10/02 20:00:26.768, 3095, 22528, 100
2026/10/02 20:00:27.769, 3095, 22528, 100
2026/10/02 20:00:28.770, 3679, 22528, 100
2026/10/02 20:00:29.771, 4183, 22528, 100
2026/10/02 20:00:30.772, 4195, 22528, 100
2026/10/02 20:00:31.773, 4487, 22528, 100
2026/10/02 20:00:32.774, 4487, 22528, 100
2026/10/02 20:00:33.776, 4487, 22528, 100
2026/10/02 20:00:34.777, 5739, 22528, 100
2026/10/02 20:00:35.779, 5739, 22528, 100
2026/10/02 20:00:36.780, 5739, 22528, 100
2026/10/02 20:00:37.781, 5739, 22528, 100
2026/10/02 20:00:38.783, 5739, 22528, 100
2026/10/02 20:00:39.784, 5739, 22528, 100
2026/10/02 20:00:40.786, 6275, 22528, 100
2026/10/02 20:00:41.787, 7431, 22528, 100
2026/10/02 20:00:42.788, 8295, 22528, 100
2026/10/02 20:00:43.789, 9443, 22528, 100
2026/10/02 20:00:44.790, 9443, 22528, 100
2026/10/02 20:00:45.791, 9443, 22528, 100
2026/10/02 20:00:46.793, 9443, 22528, 100
2026/10/02 20:00:47.795, 9443, 22528, 100
2026/10/02 20:00:48.796, 9443, 22528, 100
2026/10/02 20:00:49.797, 9443, 22528, 100
2026/10/02 20:00:50.798, 9443, 22528, 100
2026/10/02 20:00:51.799, 9443, 22528, 100
2026/10/02 20:00:52.801, 9443, 22528, 100
2026/10/02 20:00:53.802, 9443, 22528, 100
2026/10/02 20:00:54.803, 9443, 22528, 100
2026/10/02 20:00:55.804, 9185, 22528, 100
2026/10/02 20:00:56.805, 8289, 22528, 100
2026/10/02 20:00:57.806, 8289, 22528, 82
2026/10/02 20:00:58.807, 8289, 22528, 0
2026/10/02 20:00:59.809, 8289, 22528, 0
2026/10/02 20:01:00.810, 8289, 22528, 0
2026/10/02 20:01:01.811, 4799, 22528, 0
2026/10/02 20:01:02.813, 2663, 22528, 76
2026/10/02 20:01:03.816, 2663, 22528, 100
2026/10/02 20:01:04.817, 2963, 22528, 100
2026/10/02 20:01:05.818, 2963, 22528, 100
2026/10/02 20:01:06.819, 2963, 22528, 100
2026/10/02 20:01:07.821, 3791, 22528, 100
2026/10/02 20:01:08.822, 4575, 22528, 100
2026/10/02 20:01:09.823, 5011, 22528, 100
2026/10/02 20:01:10.824, 5899, 22528, 100
2026/10/02 20:01:11.826, 5899, 22528, 100
2026/10/02 20:01:12.827, 5899, 22528, 100
2026/10/02 20:01:13.828, 6959, 22528, 100
2026/10/02 20:01:14.829, 8179, 22528, 100
2026/10/02 20:01:15.831, 8179, 22528, 100
2026/10/02 20:01:16.832, 9287, 22528, 100
2026/10/02 20:01:17.833, 9937, 22528, 100
2026/10/02 20:01:18.834, 6613, 22528, 100
2026/10/02 20:01:19.836, 6613, 22528, 100
2026/10/02 20:01:20.837, 6615, 22528, 100
2026/10/02 20:01:21.838, 6615, 22528, 100
2026/10/02 20:01:22.839, 7177, 22528, 100
2026/10/02 20:01:23.841, 7177, 22528, 100
2026/10/02 20:01:24.842, 7179, 22528, 100
2026/10/02 20:01:25.843, 6475, 22528, 100
2026/10/02 20:01:26.844, 7147, 22528, 100
2026/10/02 20:01:27.845, 7453, 22528, 100
2026/10/02 20:01:28.846, 8555, 22528, 100
2026/10/02 20:01:29.848, 10353, 22528, 100
2026/10/02 20:01:30.849, 10353, 22528, 100
2026/10/02 20:01:31.850, 10353, 22528, 100
2026/10/02 20:01:32.851, 10353, 22528, 100
2026/10/02 20:01:33.853, 10353, 22528, 100
2026/10/02 20:01:34.854, 7911, 22528, 100
2026/10/02 20:01:35.855, 7225, 22528, 100
2026/10/02 20:01:36.857, 3985, 22528, 100
2026/10/02 20:01:37.858, 3985, 22528, 8
2026/10/02 20:01:38.859, 3985, 22528, 0
2026/10/02 20:01:39.860, 3985, 22528, 0
2026/10/02 20:01:40.861, 4141, 22528, 0
2026/10/02 20:01:41.862, 4141, 22528, 1
2026/10/02 20:01:42.863, 1843, 22528, 0
2026/10/02 20:01:43.864, 1843, 22528, 75
2026/10/02 20:01:44.866, 2181, 22528, 100
2026/10/02 20:01:45.867, 2419, 22528, 100
2026/10/02 20:01:46.868, 2419, 22528, 100
2026/10/02 20:01:47.870, 2419, 22528, 100
2026/10/02 20:01:48.871, 3391, 22528, 100
2026/10/02 20:01:49.872, 3915, 22528, 100
2026/10/02 20:01:50.873, 3915, 22528, 100
2026/10/02 20:01:51.874, 3915, 22528, 100
2026/10/02 20:01:52.876, 3893, 22528, 100
2026/10/02 20:01:53.877, 3893, 22528, 100
2026/10/02 20:01:54.879, 3893, 22528, 100
2026/10/02 20:01:55.880, 3893, 22528, 100
2026/10/02 20:01:56.881, 5419, 22528, 100
2026/10/02 20:01:57.883, 5419, 22528, 100
2026/10/02 20:01:58.884, 5419, 22528, 100
2026/10/02 20:01:59.886, 5419, 22528, 100
2026/10/02 20:02:00.887, 5181, 22528, 100
2026/10/02 20:02:01.888, 5181, 22528, 100
2026/10/02 20:02:02.889, 5181, 22528, 100
2026/10/02 20:02:03.891, 5181, 22528, 100
2026/10/02 20:02:04.892, 4751, 22528, 97
2026/10/02 20:02:05.893, 4751, 22528, 0
2026/10/02 20:02:06.894, 4751, 22528, 0
2026/10/02 20:02:07.895, 4751, 22528, 0
2026/10/02 20:02:08.896, 4751, 22528, 0
2026/10/02 20:02:09.897, 4751, 22528, 0
