2026/10/02 20:02:14.410, 159, 22528, 0
2026/10/02 20:02:15.412, 159, 22528, 0
2026/10/02 20:02:16.414, 159, 22528, 0
2026/10/02 20:02:17.415, 159, 22528, 0
2026/10/02 20:02:18.416, 185, 22528, 0
2026/10/02 20:02:19.417, 185, 22528, 0
2026/10/02 20:02:20.418, 263, 22528, 30
2026/10/02 20:02:21.419, 263, 22528, 82
2026/10/02 20:02:22.420, 263, 22528, 82
2026/10/02 20:02:23.422, 241, 22528, 83
2026/10/02 20:02:24.423, 241, 22528, 49
2026/10/02 20:02:25.424, 241, 22528, 0
2026/10/02 20:02:26.425, 241, 22528, 0
2026/10/02 20:02:27.426, 241, 22528, 0
2026/10/02 20:02:28.427, 241, 22528, 0
2026/10/02 20:02:29.429, 241, 22528, 0
2026/10/02 20:02:30.430, 241, 22528, 0
