2026/10/02 19:58:04.787, 3841, 22528, 100
2026/10/02 19:58:05.790, 3841, 22528, 100
2026/10/02 19:58:06.791, 4997, 22528, 100
2026/10/02 19:58:07.793, 5023, 22528, 100
2026/10/02 19:58:08.795, 5101, 22528, 100
2026/10/02 19:58:09.796, 5101, 22528, 100
2026/10/02 19:58:10.798, 5101, 22528, 100
2026/10/02 19:58:11.799, 5101, 22528, 100
2026/10/02 19:58:12.801, 5101, 22528, 100
2026/10/02 19:58:13.802, 4699, 22528, 100
2026/10/02 19:58:14.803, 4677, 22528, 60
2026/10/02 19:58:15.804, 4677, 22528, 0
2026/10/02 19:58:16.805, 4677, 22528, 0
2026/10/02 19:58:17.806, 4677, 22528, 0
2026/10/02 19:58:18.807, 2313, 22528, 6
2026/10/02 19:58:19.809, 937, 22528, 4
2026/10/02 19:58:20.810, 241, 22528, 2
2026/10/02 19:58:21.811, 241, 22528, 0
2026/10/02 19:58:22.812, 241, 22528, 0
2026/10/02 19:58:23.813, 397, 22528, 0
2026/10/02 19:58:24.814, 397, 22528, 0
