2026/10/02 15:04:19.132, 3, 22528, 0
2026/10/02 15:04:20.137, 3, 22528, 0
2026/10/02 15:04:21.140, 3, 22528, 0
2026/10/02 15:04:22.144, 3, 22528, 0
2026/10/02 15:04:23.147, 3, 22528, 0
2026/10/02 15:04:24.150, 25, 22528, 0
2026/10/02 15:04:25.153, 199, 22528, 0
2026/10/02 15:04:26.154, 199, 22528, 0
2026/10/02 15:04:27.155, 199, 22528, 0
2026/10/02 15:04:28.158, 199, 22528, 0
2026/10/02 15:04:29.159, 199, 22528, 0
2026/10/02 15:04:30.160, 199, 22528, 0
2026/10/02 15:04:31.162, 199, 22528, 0
2026/10/02 15:04:32.164, 199, 22528, 0
2026/10/02 15:04:33.166, 199, 22528, 0
2026/10/02 15:04:34.168, 199, 22528, 0
2026/10/02 15:04:35.171, 199, 22528, 0
2026/10/02 15:04:36.173, 263, 22528, 0
2026/10/02 15:04:37.175, 4573, 22528, 3
2026/10/02 15:04:38.176, 10181, 22528, 40
2026/10/02 15:04:39.178, 10181, 22528, 82
2026/10/02 15:04:40.181, 10181, 22528, 100
2026/10/02 15:04:41.183, 10181, 22528, 100
2026/10/02 15:04:42.186, 10181, 22528, 100
2026/10/02 15:04:43.187, 10181, 22528, 100
2026/10/02 15:04:44.189, 10181, 22528, 100
2026/10/02 15:04:45.191, 10181, 22528, 100
2026/10/02 15:04:46.193, 10181, 22528, 100
2026/10/02 15:04:47.197, 10181, 22528, 100
2026/10/02 15:04:48.199, 10181, 22528, 100
2026/10/02 15:04:49.202, 10181, 22528, 100
2026/10/02 15:04:50.203, 10181, 22528, 100
2026/10/02 15:04:51.205, 10181, 22528, 100
2026/10/02 15:04:52.206, 10181, 22528, 100
2026/10/02 15:04:53.207, 10181, 22528, 100
2026/10/02 15:04:54.209, 10181, 22528, 100
2026/10/02 15:04:55.211, 10181, 22528, 100
2026/10/02 15:04:56.212, 10181, 22528, 88
2026/10/02 15:04:57.213, 10181, 22528, 100
2026/10/02 15:04:58.214, 10181, 22528, 100
2026/10/02 15:04:59.216, 10181, 22528, 100
2026/10/02 15:05:00.217, 10181, 22528, 100
2026/10/02 15:05:01.218, 10181, 22528, 100
2026/10/02 15:05:02.219, 10181, 22528, 100
2026/10/02 15:05:03.221, 10181, 22528, 100
2026/10/02 15:05:04.224, 10181, 22528, 100
2026/10/02 15:05:05.225, 10181, 22528, 100
2026/10/02 15:05:06.226, 10181, 22528, 100
2026/10/02 15:05:07.227, 10181, 22528, 100
2026/10/02 15:05:08.230, 10181, 22528, 100
2026/10/02 15:05:09.231, 10181, 22528, 100
2026/10/02 15:05:10.233, 10181, 22528, 100
2026/10/02 15:05:11.235, 10181, 22528, 100
2026/10/02 15:05:12.237, 10181, 22528, 100
2026/10/02 15:05:13.239, 10181, 22528, 99
2026/10/02 15:05:14.243, 10181, 22528, 100
2026/10/02 15:05:15.245, 10181, 22528, 100
2026/10/02 15:05:16.248, 10181, 22528, 100
2026/10/02 15:05:17.250, 10181, 22528, 100
2026/10/02 15:05:18.252, 10181, 22528, 100
2026/10/02 15:05:19.254, 10181, 22528, 100
2026/10/02 15:05:20.256, 10181, 22528, 100
2026/10/02 15:05:21.259, 10181, 22528, 100
2026/10/02 15:05:22.261, 10181, 22528, 100
2026/10/02 15:05:23.263, 10181, 22528, 100
2026/10/02 15:05:24.266, 10181, 22528, 100
2026/10/02 15:05:25.268, 10181, 22528, 100
2026/10/02 15:05:26.270, 10181, 22528, 100
2026/10/02 15:05:27.272, 10181, 22528, 100
2026/10/02 15:05:28.275, 10181, 22528, 100
2026/10/02 15:05:29.278, 10181, 22528, 100
2026/10/02 15:05:30.280, 10181, 22528, 100
2026/10/02 15:05:31.282, 10181, 22528, 99
2026/10/02 15:05:32.283, 10181, 22528, 100
2026/10/02 15:05:33.286, 10181, 22528, 100
2026/10/02 15:05:34.288, 10181, 22528, 100
2026/10/02 15:05:35.290, 10181, 22528, 100
2026/10/02 15:05:36.292, 10181, 22528, 100
2026/10/02 15:05:37.294, 10181, 22528, 100
2026/10/02 15:05:38.296, 10181, 22528, 100
2026/10/02 15:05:39.298, 10181, 22528, 100
2026/10/02 15:05:40.300, 10181, 22528, 100
2026/10/02 15:05:41.301, 10181, 22528, 100
2026/10/02 15:05:42.303, 10181, 22528, 100
2026/10/02 15:05:43.305, 10181, 22528, 100
2026/10/02 15:05:44.307, 10181, 22528, 100
2026/10/02 15:05:45.310, 10181, 22528, 100
2026/10/02 15:05:46.312, 10181, 22528, 100
2026/10/02 15:05:47.313, 10181, 22528, 100
2026/10/02 15:05:48.315, 10181, 22528, 99
2026/10/02 15:05:49.319, 10181, 22528, 100
2026/10/02 15:05:50.320, 10181, 22528, 100
2026/10/02 15:05:51.324, 10181, 22528, 100
2026/10/02 15:05:52.326, 10181, 22528, 100
2026/10/02 15:05:53.328, 10181, 22528, 100
2026/10/02 15:05:54.331, 10181, 22528, 100
2026/10/02 15:05:55.334, 10181, 22528, 100
2026/10/02 15:05:56.336, 10181, 22528, 100
2026/10/02 15:05:57.339, 10181, 22528, 100
2026/10/02 15:05:58.341, 10181, 22528, 100
2026/10/02 15:05:59.343, 10181, 22528, 100
2026/10/02 15:06:00.346, 10181, 22528, 100
2026/10/02 15:06:01.349, 10181, 22528, 100
2026/10/02 15:06:02.351, 10181, 22528, 100
2026/10/02 15:06:03.352, 10181, 22528, 100
2026/10/02 15:06:04.355, 10181, 22528, 100
2026/10/02 15:06:05.357, 10181, 22528, 98
2026/10/02 15:06:06.359, 10181, 22528, 100
2026/10/02 15:06:07.361, 10181, 22528, 100
2026/10/02 15:06:08.363, 10181, 22528, 100
2026/10/02 15:06:09.365, 10181, 22528, 100
2026/10/02 15:06:10.367, 10181, 22528, 100
2026/10/02 15:06:11.369, 10181, 22528, 100
2026/10/02 15:06:12.371, 10181, 22528, 100
2026/10/02 15:06:13.372, 10181, 22528, 100
2026/10/02 15:06:14.373, 10181, 22528, 100
2026/10/02 15:06:15.375, 10181, 22528, 100
2026/10/02 15:06:16.377, 10181, 22528, 100
2026/10/02 15:06:17.379, 10181, 22528, 100
2026/10/02 15:06:18.380, 10181, 22528, 100
2026/10/02 15:06:19.383, 10181, 22528, 100
2026/10/02 15:06:20.385, 10181, 22528, 100
2026/10/02 15:06:21.386, 10181, 22528, 100
2026/10/02 15:06:22.390, 10181, 22528, 100
2026/10/02 15:06:23.392, 10181, 22528, 99
2026/10/02 15:06:24.393, 10181, 22528, 100
2026/10/02 15:06:25.394, 10181, 22528, 100
2026/10/02 15:06:26.396, 10181, 22528, 100
2026/10/02 15:06:27.398, 10181, 22528, 100
2026/10/02 15:06:28.400, 10181, 22528, 100
2026/10/02 15:06:29.402, 10181, 22528, 100
2026/10/02 15:06:30.403, 10181, 22528, 100
2026/10/02 15:06:31.405, 10181, 22528, 100
2026/10/02 15:06:32.406, 10181, 22528, 100
2026/10/02 15:06:33.407, 10181, 22528, 100
2026/10/02 15:06:34.408, 10181, 22528, 100
2026/10/02 15:06:35.410, 10181, 22528, 100
2026/10/02 15:06:36.411, 10181, 22528, 100
2026/10/02 15:06:37.412, 10181, 22528, 100
2026/10/02 15:06:38.414, 10181, 22528, 100
2026/10/02 15:06:39.415, 10181, 22528, 100
2026/10/02 15:06:40.418, 10181, 22528, 100
2026/10/02 15:06:41.420, 10181, 22528, 99
2026/10/02 15:06:42.422, 10181, 22528, 100
2026/10/02 15:06:43.423, 10181, 22528, 100
2026/10/02 15:06:44.424, 10181, 22528, 100
2026/10/02 15:06:45.426, 10181, 22528, 100
2026/10/02 15:06:46.427, 10181, 22528, 100
2026/10/02 15:06:47.428, 10181, 22528, 100
2026/10/02 15:06:48.431, 10181, 22528, 100
2026/10/02 15:06:49.432, 10181, 22528, 100
2026/10/02 15:06:50.433, 10181, 22528, 100
2026/10/02 15:06:51.435, 10181, 22528, 100
2026/10/02 15:06:52.436, 10181, 22528, 100
2026/10/02 15:06:53.437, 10181, 22528, 100
2026/10/02 15:06:54.438, 10181, 22528, 100
2026/10/02 15:06:55.439, 10181, 22528, 100
2026/10/02 15:06:56.441, 10181, 22528, 100
2026/10/02 15:06:57.442, 10181, 22528, 100
2026/10/02 15:06:58.445, 10181, 22528, 100
2026/10/02 15:06:59.446, 10181, 22528, 99
2026/10/02 15:07:00.448, 10181, 22528, 100
2026/10/02 15:07:01.449, 10181, 22528, 100
2026/10/02 15:07:02.451, 10181, 22528, 100
2026/10/02 15:07:03.454, 10181, 22528, 100
2026/10/02 15:07:04.458, 10181, 22528, 100
2026/10/02 15:07:05.460, 10181, 22528, 100
2026/10/02 15:07:06.462, 10181, 22528, 100
2026/10/02 15:07:07.464, 10181, 22528, 100
2026/10/02 15:07:08.466, 10181, 22528, 100
2026/10/02 15:07:09.469, 10181, 22528, 100
2026/10/02 15:07:10.470, 10181, 22528, 100
2026/10/02 15:07:11.471, 10181, 22528, 100
2026/10/02 15:07:12.474, 10181, 22528, 100
2026/10/02 15:07:13.476, 10181, 22528, 100
2026/10/02 15:07:14.479, 10181, 22528, 100
2026/10/02 15:07:15.481, 10181, 22528, 100
2026/10/02 15:07:16.483, 10181, 22528, 99
2026/10/02 15:07:17.485, 10181, 22528, 100
2026/10/02 15:07:18.486, 10181, 22528, 100
2026/10/02 15:07:19.489, 10181, 22528, 100
2026/10/02 15:07:20.491, 10181, 22528, 100
2026/10/02 15:07:21.494, 10181, 22528, 100
2026/10/02 15:07:22.496, 10181, 22528, 100
2026/10/02 15:07:23.498, 10181, 22528, 100
2026/10/02 15:07:24.499, 10181, 22528, 100
2026/10/02 15:07:25.501, 10181, 22528, 100
2026/10/02 15:07:26.502, 10181, 22528, 100
2026/10/02 15:07:27.503, 10181, 22528, 100
2026/10/02 15:07:28.504, 10181, 22528, 100
2026/10/02 15:07:29.507, 10181, 22528, 100
2026/10/02 15:07:30.508, 10181, 22528, 100
2026/10/02 15:07:31.509, 10181, 22528, 100
2026/10/02 15:07:32.511, 10181, 22528, 100
2026/10/02 15:07:33.512, 10181, 22528, 100
2026/10/02 15:07:34.513, 255, 22528, 35
2026/10/02 15:07:35.514, 255, 22528, 0
2026/10/02 15:07:36.558, 255, 22528, 0
2026/10/02 15:07:37.560, 2799, 22528, 9
2026/10/02 15:07:38.561, 2799, 22528, 100
2026/10/02 15:07:39.563, 2799, 22528, 100
2026/10/02 15:07:40.565, 3427, 22528, 100
2026/10/02 15:07:41.566, 3427, 22528, 100
2026/10/02 15:07:42.569, 3427, 22528, 100
2026/10/02 15:07:43.570, 3427, 22528, 100
2026/10/02 15:07:44.571, 3427, 22528, 100
2026/10/02 15:07:45.574, 3427, 22528, 100
2026/10/02 15:07:46.575, 3427, 22528, 100
2026/10/02 15:07:47.576, 3427, 22528, 100
2026/10/02 15:07:48.577, 3427, 22528, 100
2026/10/02 15:07:49.578, 3427, 22528, 100
2026/10/02 15:07:50.580, 3427, 22528, 100
2026/10/02 15:07:51.582, 3427, 22528, 100
2026/10/02 15:07:52.584, 3427, 22528, 100
2026/10/02 15:07:53.586, 3427, 22528, 100
2026/10/02 15:07:54.587, 3427, 22528, 100
2026/10/02 15:07:55.588, 3427, 22528, 100
2026/10/02 15:07:56.589, 3427, 22528, 100
2026/10/02 15:07:57.590, 3427, 22528, 100
2026/10/02 15:07:58.593, 3427, 22528, 100
2026/10/02 15:07:59.594, 3427, 22528, 100
2026/10/02 15:08:00.596, 3427, 22528, 100
2026/10/02 15:08:01.597, 3427, 22528, 100
2026/10/02 15:08:02.599, 3427, 22528, 100
2026/10/02 15:08:03.600, 3427, 22528, 100
2026/10/02 15:08:04.603, 3427, 22528, 100
2026/10/02 15:08:05.604, 3427, 22528, 100
2026/10/02 15:08:06.605, 3427, 22528, 100
2026/10/02 15:08:07.607, 3427, 22528, 100
2026/10/02 15:08:08.608, 3427, 22528, 100
2026/10/02 15:08:09.609, 3427, 22528, 100
2026/10/02 15:08:10.610, 3427, 22528, 100
2026/10/02 15:08:11.611, 3427, 22528, 100
2026/10/02 15:08:12.612, 3427, 22528, 100
2026/10/02 15:08:13.613, 3427, 22528, 100
2026/10/02 15:08:14.615, 3427, 22528, 100
2026/10/02 15:08:15.616, 3427, 22528, 100
2026/10/02 15:08:16.617, 3427, 22528, 100
2026/10/02 15:08:17.618, 3427, 22528, 100
2026/10/02 15:08:18.620, 3427, 22528, 100
2026/10/02 15:08:19.621, 3427, 22528, 100
2026/10/02 15:08:20.622, 3427, 22528, 100
2026/10/02 15:08:21.624, 3427, 22528, 100
2026/10/02 15:08:22.625, 3427, 22528, 100
2026/10/02 15:08:23.626, 3427, 22528, 100
2026/10/02 15:08:24.628, 3427, 22528, 100
