2026/10/02 20:01:40.658, 4141, 22528, 0
2026/10/02 20:01:41.660, 4141, 22528, 1
2026/10/02 20:01:42.661, 1843, 22528, 0
2026/10/02 20:01:43.662, 1843, 22528, 75
2026/10/02 20:01:44.663, 1881, 22528, 100
2026/10/02 20:01:45.665, 2399, 22528, 100
2026/10/02 20:01:46.666, 2419, 22528, 100
2026/10/02 20:01:47.667, 2419, 22528, 100
2026/10/02 20:01:48.668, 3391, 22528, 100
2026/10/02 20:01:49.669, 3915, 22528, 100
2026/10/02 20:01:50.671, 3915, 22528, 100
2026/10/02 20:01:51.672, 3915, 22528, 100
2026/10/02 20:01:52.673, 3893, 22528, 100
2026/10/02 20:01:53.675, 3893, 22528, 100
2026/10/02 20:01:54.677, 3893, 22528, 100
2026/10/02 20:01:55.678, 3893, 22528, 100
2026/10/02 20:01:56.679, 5419, 22528, 100
2026/10/02 20:01:57.680, 5419, 22528, 100
2026/10/02 20:01:58.682, 5419, 22528, 100
