2026/10/02 19:59:57.933, 159, 22528, 1
2026/10/02 19:59:58.935, 159, 22528, 0
2026/10/02 19:59:59.937, 159, 22528, 0
2026/10/02 20:00:00.938, 185, 22528, 0
2026/10/02 20:00:01.939, 243, 22528, 0
2026/10/02 20:00:02.940, 263, 22528, 37
2026/10/02 20:00:03.941, 263, 22528, 83
2026/10/02 20:00:04.942, 263, 22528, 83
2026/10/02 20:00:05.943, 241, 22528, 38
2026/10/02 20:00:06.944, 1215, 22528, 5
2026/10/02 20:00:07.946, 1215, 22528, 85
2026/10/02 20:00:08.947, 1229, 22528, 100
2026/10/02 20:00:09.948, 1387, 22528, 76
2026/10/02 20:00:10.949, 2179, 22528, 100
2026/10/02 20:00:11.951, 3143, 22528, 100
